Date,Close,High,Low,Open,Volume
3/4/2010,15.95057011,16.0842351,15.92829261,15.92829261,1242534
3/7/2010,15.99512005,16.06195105,15.95056506,15.95056506,1251737
3/8/2010,16.03968048,16.03968048,15.97284798,16.01740298,770200
3/9/2010,15.95057011,16.0396801,15.90601511,15.99512511,1600094
3/10/2010,15.9060173,16.03968232,15.77235376,15.92829481,2646293
3/11/2010,16.01740074,16.03967824,15.90601326,15.95056825,4513694
3/14/2010,16.03968048,16.08423548,15.97284798,15.97284798,1059513
3/15/2010,15.99512005,16.03967503,15.95056506,16.01739754,431436
3/16/2010,16.03968048,16.03968048,15.92829298,15.95057048,3141735
3/17/2010,16.03968048,16.03968048,16.03968048,16.03968048,0
3/18/2010,16.21790123,16.57433833,15.99512768,16.03968268,7693066
3/21/2010,16.19562149,16.28473149,16.15106649,16.15106649,813110
3/22/2010,16.21790123,16.24017873,16.17334622,16.19562373,544129
3/23/2010,16.15106964,16.24017966,16.15106964,16.19562465,757492
3/24/2010,16.21790123,16.26245624,16.15106872,16.17334622,637392
3/25/2010,16.21790123,16.32928727,16.03968268,16.30701124,1400002
3/28/2010,16.39611816,16.41839566,16.06195713,16.06195713,920303
3/29/2010,16.39611816,16.39611816,16.39611816,16.39611816,0
3/30/2010,16.39611816,16.39611816,16.39611816,16.39611816,0
3/31/2010,17.06443787,17.19810288,16.7971108,16.7971108,2379376
4/1/2010,17.1758213,17.3317623,17.08671279,17.1980988,4244358
4/4/2010,17.1758213,17.1758213,17.1758213,17.1758213,0
4/5/2010,17.1758213,17.1758213,17.1758213,17.1758213,0
4/6/2010,17.39859772,17.44315272,17.28721169,17.37632022,1680311
4/7/2010,17.39859772,17.59909374,17.37632022,17.46543022,1941711
4/8/2010,17.28721237,17.3985984,17.13127134,17.3985984,1991856
4/11/2010,17.19810104,17.44315206,17.10899252,17.33176456,1114792
4/12/2010,16.68572044,17.15354343,16.61888796,17.13126741,2518958
4/13/2010,17.06443787,17.30948891,16.39611872,16.41839622,2778138
4/14/2010,17.19810104,17.28721104,17.08671502,17.17582354,1412432
4/15/2010,17.26493263,17.30948615,17.13126912,17.13126912,1299627
4/18/2010,17.24265289,17.28720788,17.1980979,17.28720788,952675
4/19/2010,17.15354347,17.24265346,17.10898996,17.15354347,283466
4/20/2010,17.26493263,17.30948615,17.15354514,17.19810014,808417
4/21/2010,17.06443787,17.26493538,17.04216184,17.26493538,659840
4/22/2010,17.39859772,17.50998374,16.95305067,16.95305067,1405649
4/25/2010,17.39859772,17.39859772,17.39859772,17.39859772,0
4/26/2010,17.39859772,17.39859772,17.39859772,17.39859772,0
4/27/2010,17.84414291,17.84414291,17.6882019,17.6882019,2319387
4/28/2010,17.93324852,18.0223585,17.79958503,17.79958503,944807
4/29/2010,17.73275757,17.8886986,17.73275757,17.73275757,876066
5/2/2010,17.73275757,17.73275757,17.73275757,17.73275757,0
5/3/2010,17.75503349,17.82186599,17.66592497,17.82186599,328510
5/4/2010,17.82186699,17.84414449,17.68820347,17.73275699,534405
5/5/2010,17.71048164,17.8886987,17.64364914,17.84414517,693573
5/6/2010,17.64364815,17.73275667,17.55453815,17.55453815,980154
5/9/2010,17.64364815,17.64364815,17.64364815,17.64364815,0
5/10/2010,17.77731133,17.82186632,17.3763193,17.3763193,638129
5/11/2010,17.79958916,17.88869768,17.77731166,17.77731166,547954
5/12/2010,17.79958916,17.91097518,17.77731166,17.79958916,1125426
5/13/2010,17.53225899,17.73275499,17.46542797,17.73275499,2214388
5/16/2010,17.26493263,17.44315114,17.26493263,17.28721013,629342
5/17/2010,17.06443787,17.42087642,17.01988434,17.01988434,1677345
5/18/2010,17.10899162,17.24265514,16.90849414,16.99760413,1295689
5/19/2010,17.10899162,17.24265514,17.10899162,17.22037764,1594317
5/20/2010,16.90849686,17.10899437,16.84166583,17.10899437,679894
5/23/2010,16.70799637,16.73027239,16.48522143,16.50749893,999176
5/24/2010,16.75255585,16.79711085,16.57433731,16.70800232,833416
5/25/2010,16.88621521,16.99760121,16.70799673,16.70799673,779021
5/26/2010,16.88621521,16.88621521,16.88621521,16.88621521,0
5/27/2010,16.46295166,16.93077478,16.39611915,16.93077478,1438688
5/30/2010,16.46295166,16.46295166,16.46295166,16.46295166,0
5/31/2010,16.46295166,16.46295166,16.46295166,16.46295166,0
6/1/2010,16.93077469,17.06443823,16.93077469,16.93077469,1149254
6/2/2010,16.75255585,16.97532939,16.75255585,16.97532939,360040
6/3/2010,16.75255585,16.84166585,16.5075048,16.57433731,946681
6/6/2010,16.48522758,16.57433759,16.41839655,16.48522758,696462
6/7/2010,16.55205917,16.66344668,16.48522667,16.66344668,170678
6/8/2010,16.55205917,16.66344668,16.48522667,16.55205917,249542
6/9/2010,16.84165955,16.88621453,16.55205361,16.61888609,509025
6/10/2010,16.77482796,16.90849145,16.70799695,16.84166044,983268
6/13/2010,16.93077469,17.0867172,16.86394366,16.93077469,924302
6/14/2010,16.97532845,17.01988345,16.84166492,16.88621992,649614
6/15/2010,17.35404205,17.37631955,16.95305002,17.04216001,423794
6/16/2010,17.28721237,17.3763209,17.17582487,17.28721237,293302
6/17/2010,17.10899162,17.44315114,17.08671412,17.26493263,491200
6/20/2010,16.93077469,17.19810324,16.93077469,17.1089947,1872649
6/21/2010,17.19810104,17.19810104,16.93077253,16.99760503,487956
6/22/2010,17.06443787,17.28721288,17.06443787,17.28721288,696705
6/23/2010,16.95305061,17.08671561,16.93077311,17.06443664,1073391
6/24/2010,17.1758213,17.3317623,16.93077032,16.93077032,671776
6/27/2010,17.1758213,17.1758213,17.1758213,17.1758213,0
6/28/2010,17.1758213,17.1758213,17.1758213,17.1758213,0
6/29/2010,17.1758213,17.1758213,17.1758213,17.1758213,0
6/30/2010,16.57433701,16.84166554,16.28473244,16.84166554,593102
7/1/2010,16.99760246,16.99760246,16.48522301,16.48522301,645181
7/4/2010,16.7302742,16.79710669,16.50750071,16.79710669,199719
7/5/2010,16.7302742,16.7302742,16.5743332,16.61888819,149054
7/6/2010,16.97532845,17.01988345,16.66344639,16.73027742,209971
7/7/2010,17.19810104,17.22037854,16.99760503,17.01988253,255857
7/8/2010,16.7971077,17.1980997,16.7525527,17.1980997,387346
7/11/2010,17.1758213,17.1758213,17.08671279,17.10899029,518471
7/12/2010,17.10899162,17.17582264,16.93077164,17.15354514,363753
7/13/2010,16.93077469,17.13127221,16.93077469,17.0867172,307528
7/14/2010,16.93077469,16.93077469,16.93077469,16.93077469,0
7/15/2010,17.30948448,17.37631697,17.15354349,17.15354349,756954
7/18/2010,17.10899162,17.28721013,17.01988163,17.19810014,108277
7/19/2010,17.24265289,17.28720788,17.1980979,17.1980979,164355
7/20/2010,17.1758213,17.24265379,17.15354381,17.24265379,395413
7/21/2010,17.19810104,17.22037854,17.19810104,17.22037854,172448
7/22/2010,17.06443787,17.28721288,17.01988434,17.24265788,816822
7/25/2010,17.15354347,17.15354347,17.10898996,17.10898996,133258
7/26/2010,17.1758213,17.1980988,17.01988031,17.1758213,237537
7/27/2010,17.39859772,17.59909374,17.08671567,17.17582419,464007
7/28/2010,17.4654274,17.68820089,17.37631741,17.37631741,294404
7/29/2010,17.35404205,17.57681557,17.35404205,17.42087455,235152
8/1/2010,17.44314957,17.44314957,17.24265358,17.37631708,171996
8/2/2010,17.4654274,17.4654274,17.30948492,17.37631741,356484
8/3/2010,17.55453682,17.55453682,17.30948582,17.39859581,365115
8/4/2010,17.55453682,17.82186532,17.48770433,17.55453682,614805
8/5/2010,17.73275757,17.75503507,17.64364904,17.64364904,142713
8/8/2010,17.73275757,17.82186757,17.66592654,17.75503507,182345
8/9/2010,17.6882,17.82186349,17.6882,17.73275351,108008
8/10/2010,17.73275757,17.75503507,17.59909404,17.68820404,459800
8/11/2010,17.73275757,17.73275757,17.62137154,17.62137154,235724
8/12/2010,17.48770332,17.5990908,17.42087231,17.5990908,168726
8/15/2010,17.33176231,17.46542729,17.2426538,17.46542729,142574
8/16/2010,17.55453682,17.55453682,17.17582231,17.22037731,268677
8/17/2010,17.37631989,17.55453841,17.22037886,17.55453841,197481
8/18/2010,17.50998116,17.59909114,17.46542764,17.48770366,136893
8/19/2010,17.55453682,17.55453682,17.37631831,17.55453682,174382
8/22/2010,17.73275757,17.73275757,17.50998404,17.55453904,234319
8/23/2010,17.55453682,17.64364681,17.53225932,17.64364681,317668
8/24/2010,17.73275757,17.73275757,17.48770654,17.53226154,199268
8/25/2010,17.73275757,17.82186757,17.55453904,17.55453904,353986
8/26/2010,17.79958916,17.79958916,17.53226064,17.62137064,368836
8/29/2010,17.86642075,17.86642075,17.66592474,17.66592474,229349
8/30/2010,17.84414291,17.97780643,17.82186542,17.82186542,379435
8/31/2010,17.64364815,17.77731167,17.59909315,17.77731167,311900
9/1/2010,17.64364815,17.64364815,17.55453815,17.64364815,161102
9/2/2010,17.57681274,17.62136774,17.46542674,17.55453525,599816
9/5/2010,17.6882,17.73275351,17.53225753,17.53225753,606755
9/6/2010,17.73275757,17.82186757,17.62137154,17.62137154,223034
9/7/2010,17.977808,17.977808,17.68820345,17.68820345,237017
9/9/2010,17.977808,17.977808,17.977808,17.977808,0
9/12/2010,17.977808,17.977808,17.977808,17.977808,0
9/14/2010,17.977808,17.977808,17.977808,17.977808,0
9/15/2010,18.53473854,18.62384853,18.00008305,18.00008305,682375
9/16/2010,18.53473854,19.604051,18.53473854,18.71295704,1810534
9/19/2010,18.31196976,18.80207186,18.31196976,18.66840832,446208
9/20/2010,18.26741028,18.40107377,18.26741028,18.35651878,362868
9/21/2010,18.5792942,18.6238492,18.26741219,18.26741219,470287
9/22/2010,18.44563484,18.55702088,18.33424733,18.53474338,433847
9/26/2010,18.51246071,18.5792932,18.4233522,18.5792932,321372
9/27/2010,18.35652161,18.4456316,18.28969059,18.4456316,184097
9/28/2010,18.22286034,18.37880137,18.1114743,18.35652387,475205
9/29/2010,18.22286034,18.22286034,18.22286034,18.22286034,0
9/30/2010,18.02235794,18.17829892,17.86641696,17.97780295,578209
10/3/2010,18.02235794,18.22285391,17.82186198,18.17829892,604526
10/4/2010,17.93324852,17.97780351,17.88869353,17.93324852,419778
10/5/2010,17.9109745,17.977807,17.66592497,17.86642098,632005
10/6/2010,18.75751495,19.35900303,18.53474143,18.80206995,6265116
10/7/2010,18.55701828,18.93573282,18.55701828,18.89117782,2194299
10/10/2010,18.35652161,18.71295863,18.35652161,18.71295863,1400141
10/11/2010,18.17830276,18.35652127,17.73275575,18.35652127,3355766
10/12/2010,18.20057678,18.53473624,18.11146828,18.20057678,1443294
10/13/2010,18.22286034,18.24513784,18.0891968,18.20058284,1073729
10/14/2010,18.08919334,18.17830186,18.00008336,18.15602436,884115
10/17/2010,17.93324852,18.13374449,17.88869353,18.13374449,1029084
10/18/2010,17.977808,18.0000855,17.77731198,17.9109755,953403
10/19/2010,18.17830276,18.33424378,18.04463925,18.24513526,834717
10/20/2010,18.08919334,18.26741185,18.08919334,18.26741185,397937
10/21/2010,18.26741028,18.28968777,18.00008181,18.0446368,555049
10/24/2010,18.55701828,18.60157328,18.20058124,18.20058124,1063928
10/25/2010,18.44563484,18.55702088,18.40107984,18.55702088,694684
10/26/2010,18.53473854,18.62384853,18.44563003,18.53473854,1231579
10/27/2010,19.11395454,19.42583661,18.53474246,18.53474246,3509504
10/28/2010,19.0916748,19.49266536,19.06939583,19.0916748,1930800
10/31/2010,19.55949974,19.55949974,19.09167665,19.11395415,1940662
11/1/2010,19.29216957,19.7154391,19.26989355,19.53722058,2068985
11/2/2010,19.18078041,19.29216641,19.1139494,19.2253354,780027
11/3/2010,19.13622856,19.24761606,19.06939606,19.11395254,638554
11/4/2010,19.13622856,19.13622856,19.13622856,19.13622856,0
11/7/2010,19.11395454,19.22534058,19.11395454,19.13623057,368341
11/8/2010,19.22533989,19.33672592,19.11395386,19.13622989,714287
11/9/2010,19.04711723,19.24761471,18.84662271,19.18078222,2596148
11/10/2010,18.91345406,19.06939507,18.80206804,19.06939507,1974864
11/14/2010,18.91345406,18.91345406,18.91345406,18.91345406,0
11/18/2010,18.91345406,18.91345406,18.91345406,18.91345406,0
11/21/2010,19.04711723,19.15850472,19.00256371,19.15850472,235768
11/22/2010,19.1585083,19.1585083,18.89117976,19.04712079,833841
11/23/2010,19.18078041,19.31444391,18.91345194,19.1139494,840945
11/24/2010,19.18078041,19.29216641,19.02483942,19.20305791,1256994
11/28/2010,19.0916748,19.22533832,19.06939583,19.22533832,646855
11/29/2010,18.93572998,19.20305846,18.93572998,19.11394995,977534
11/30/2010,19.1585083,19.22534081,19.00256726,19.02484477,1544164
12/1/2010,19.42583275,19.49266376,19.15850426,19.29216777,2079420
12/5/2010,19.55949974,19.67088724,19.38128121,19.64860974,1367796
12/6/2010,20.18326187,20.76247237,19.78226987,19.87137839,7687437
12/8/2010,20.13870811,20.31692663,19.9604896,20.0050446,2677697
12/9/2010,20.13870811,20.13870811,20.13870811,20.13870811,0
12/12/2010,20.22781944,20.40603797,20.13870944,20.22781944,1571865
12/13/2010,20.27237129,20.31692481,20.18326131,20.2278163,1476780
12/14/2010,20.18326187,20.27237186,20.13870688,20.27237186,966145
12/15/2010,20.09415245,20.18326096,20.00504247,20.18326096,1129993
12/19/2010,19.96048927,20.04959779,19.91593428,19.96048927,716074
12/20/2010,19.96048927,20.04959779,19.96048927,20.00504427,818787
12/21/2010,19.96048927,20.00504427,19.91593428,20.00504427,526555
12/22/2010,19.8268261,19.96048961,19.7377161,19.96048961,931250
12/23/2010,19.8268261,19.8268261,19.8268261,19.8268261,0
12/26/2010,20.00504303,20.00504303,19.82682453,19.91593304,383083
12/27/2010,19.87137794,20.00504292,19.87137794,19.96048793,911712
12/28/2010,19.87137794,20.00504292,19.87137794,19.87137794,248111
12/29/2010,19.91593742,19.96049243,19.78227389,19.91593742,579601
1/2/2011,19.87137794,20.00504292,19.82682443,19.87137794,578651
1/3/2011,20.00504303,20.13870654,19.87137805,19.87137805,1219028
1/4/2011,20.22781944,20.27237444,20.04959944,20.04959944,1739815
1/5/2011,20.31692696,20.85158398,20.18326344,20.18326344,2658228
1/6/2011,33.77689362,33.77689362,33.77689362,33.77689362,0
1/9/2011,20.27237129,20.45058831,20.27237129,20.45058831,439195
1/10/2011,20.31692696,20.40603695,20.22781844,20.31692696,558614
1/11/2011,20.18326187,20.31692538,20.13870688,20.31692538,736449
1/12/2011,20.36148071,20.49514422,20.13870721,20.2278172,1270122
1/16/2011,20.13870811,20.2723731,20.13870811,20.2723731,625764
1/17/2011,19.87137794,20.13870643,19.51494095,20.13870643,2337958
1/18/2011,19.64860535,19.91593235,19.55949536,19.91593235,973137
1/19/2011,19.87137794,19.87137794,19.55949594,19.64860593,721400
1/23/2011,19.64860535,19.78226885,19.51494037,19.60405036,474516
1/24/2011,19.47039032,19.73771886,19.42583679,19.64861033,805191
1/25/2011,19.33672333,19.55949683,19.33672333,19.42583332,582498
1/26/2011,18.98028755,19.33672459,18.93573255,19.33672459,1969863
1/30/2011,18.17830276,18.22285776,17.33176374,17.46542872,2471698
1/31/2011,17.9109745,18.62385003,17.86642098,18.35652152,3058607
2/1/2011,18.13374519,18.35651867,17.82186321,17.82186321,1892426
2/2/2011,18.35652161,18.80206863,18.31196661,18.53474012,2213776
2/6/2011,18.49018288,18.62384785,18.44562936,18.53473787,1636443
2/7/2011,18.53473854,18.62384853,18.49018355,18.53473854,879601
2/8/2011,18.44563484,18.57929838,18.35652483,18.49018837,775031
2/9/2011,18.40107727,18.44563227,18.31196727,18.35652227,562583
2/13/2011,18.89117622,18.98028621,18.57929421,18.71295772,873377
2/14/2011,18.71295738,18.93573088,18.62384887,18.89117588,783280
2/15/2011,18.5792942,18.8020677,18.53473921,18.75751271,880017
2/16/2011,18.31196976,18.53474331,18.26741623,18.53474331,1470262
2/17/2011,18.31196976,18.31196976,18.31196976,18.31196976,0
2/20/2011,18.00008202,18.089192,17.82186353,17.95552703,433123
2/21/2011,17.82186699,18.44563255,17.82186699,17.95553051,872180
2/22/2011,17.42086983,17.64364328,17.33175986,17.46542481,1812950
2/23/2011,17.50998116,17.82186463,17.42087264,17.46542764,2046307
2/24/2011,17.50998116,17.50998116,17.50998116,17.50998116,0
2/27/2011,16.61889076,17.59909337,16.21789872,17.50998337,1512053
2/28/2011,16.57433701,17.10899408,16.21789994,16.61889201,1760637
3/1/2011,15.19314003,16.9307716,14.92581153,16.70799957,2199746
3/2/2011,15.05947495,15.50502043,14.48026448,15.32680194,2607385
3/3/2011,15.05947495,15.05947495,15.05947495,15.05947495,0
3/6/2011,15.95057011,16.21789862,15.32680455,16.1287901,3150608
3/7/2011,16.1287899,16.30700842,15.81690639,15.86146139,2247774
3/8/2011,16.52977943,16.66344442,16.03967891,16.1287889,3065737
3/9/2011,16.75255585,16.93077439,16.57433731,16.57433731,1786056
3/13/2011,16.7971077,17.2426547,16.7525527,17.06443472,4008772
3/14/2011,16.57433701,16.79711054,16.529782,16.75255554,2659096
3/15/2011,16.48522758,16.79711114,16.03968197,16.57433759,1403060
3/16/2011,16.66344452,16.79710803,16.48522454,16.48522454,1902995
3/20/2011,17.15354347,17.46542694,17.01987997,17.28720845,2066188
3/22/2011,17.28721237,17.3763209,17.19810237,17.24265737,800589
3/23/2011,17.15354347,17.28720845,17.10898996,17.24265346,813344
3/24/2011,17.15354347,17.15354347,17.15354347,17.15354347,0
3/27/2011,17.42086983,17.46542481,17.28720634,17.42086983,341270
3/28/2011,17.10899162,17.46542864,17.10899162,17.46542864,1171546
3/29/2011,17.10899162,17.24265514,16.97532664,17.19810014,1407514
3/30/2011,17.01988602,17.15354956,16.88622247,17.10899603,2056234
4/3/2011,17.06443787,17.19810288,16.93077433,17.15354787,2962560
4/4/2011,17.24694252,17.24694252,17.11006252,17.24694252,1894820
4/5/2011,17.06443787,17.24694507,17.06443787,17.06443787,1833941
4/6/2011,17.15569305,17.20132024,17.06444019,17.15569305,1289951
4/10/2011,17.15569305,17.15569305,17.15569305,17.15569305,0
4/11/2011,16.92755318,17.06443469,16.88192601,17.01880752,926015
4/12/2011,16.97318459,17.01881177,16.9275574,16.97318459,600774
4/13/2011,17.06443787,17.06443787,16.97318351,16.97318351,1189150
4/14/2011,17.06443787,17.06443787,17.06443787,17.06443787,0
4/17/2011,16.92755318,17.15568752,16.83630035,17.06443469,703869
4/18/2011,17.06443787,17.11006504,16.83630348,16.92755633,758082
4/19/2011,16.97318459,17.11006613,16.88193022,17.06443895,888756
4/20/2011,17.11006355,17.15568922,16.88192768,16.97318203,1708268
4/24/2011,17.20131874,17.24694592,17.11006589,17.11006589,725047
4/25/2011,17.24694252,17.29256969,17.11006252,17.20131535,1418504
4/26/2011,17.20131874,17.24694592,17.06443871,17.15569156,584281
4/27/2011,17.11006355,17.29257074,17.06443638,17.20131639,1637778
5/2/2011,16.92755318,17.01880752,16.92755318,16.97318035,884809
5/3/2011,16.88192749,17.01880901,16.83630183,17.01880901,1188825
5/4/2011,16.69942474,16.92755763,16.5625432,16.92755763,2360796
5/5/2011,16.69942474,16.69942474,16.69942474,16.69942474,0
5/8/2011,16.65379715,16.69942433,16.42566276,16.56254279,1180138
5/9/2011,16.88192749,16.92755466,16.65379464,16.65379464,1120690
5/10/2011,17.06443787,17.20131789,16.88192915,16.92755633,3121334
5/11/2011,17.11006355,17.20131639,17.0188092,17.15568922,1535022
5/15/2011,17.20131874,17.20131874,16.97318435,17.01881153,1589807
5/16/2011,16.88192749,17.33819621,16.88192749,17.24694337,2161715
5/17/2011,16.97318459,17.01881177,16.88193022,16.9275574,546944
5/18/2011,16.97318459,17.01881177,16.88193022,16.97318459,491040
5/22/2011,17.11006355,17.3381964,17.0188092,17.06443638,3115999
5/23/2011,17.01881027,17.11006463,16.9731831,17.06443745,1100797
5/24/2011,16.97318459,17.06443895,16.9275574,17.06443895,704351
5/25/2011,17.11006355,17.11006355,16.83630202,16.92755486,1563997
5/29/2011,17.15569305,17.20132024,17.01881301,17.15569305,854654
5/30/2011,17.06443787,17.15569071,16.97318351,17.15569071,571656
5/31/2011,17.11006355,17.11006355,17.0188092,17.06443638,511107
6/1/2011,17.01881027,17.11006463,17.01881027,17.06443745,562687
6/5/2011,16.92755318,17.01880752,16.88192601,16.88192601,577611
6/6/2011,17.06443787,17.11006504,16.88192915,16.97318351,834123
6/7/2011,16.92755318,17.11006186,16.92755318,17.01880752,535372
6/8/2011,16.74504852,16.9731829,16.74504852,16.92755572,518727
6/12/2011,16.74504852,16.74504852,16.6081685,16.69942286,674126
6/13/2011,16.74504852,16.7906757,16.65379568,16.74504852,552222
6/14/2011,16.69942474,16.83630478,16.69942474,16.74505042,580894
6/15/2011,16.60816956,16.74504958,16.60816956,16.74504958,1037563
6/19/2011,16.88192749,16.92755466,16.56254029,16.56254029,2165766
6/20/2011,16.79067993,16.8819328,16.65379988,16.74505274,770386
6/21/2011,16.8363018,16.88192747,16.74504746,16.88192747,545118
6/22/2011,16.97318459,17.06443895,16.79067737,17.01881177,1783151
6/26/2011,17.01881027,17.01881027,16.7906759,16.83630307,1376218
6/27/2011,17.33819962,17.70321557,16.88193081,16.97318517,4255083
6/28/2011,17.33819962,17.6119612,17.24694676,17.42945398,1811601
6/29/2011,17.24694252,17.4294497,17.20131535,17.33819535,1258351
7/3/2011,17.79446793,17.97697514,17.61196071,17.65758789,3089491
7/4/2011,17.56633186,17.79446624,17.5207062,17.79446624,857174
7/5/2011,17.88572121,17.97697405,17.56633247,17.56633247,2423358
7/6/2011,17.65758514,17.93134517,17.65758514,17.88571951,933843
7/10/2011,17.24694252,17.61195687,17.24694252,17.61195687,521533
7/11/2011,16.8363018,17.155689,16.56254027,17.155689,3284236
7/12/2011,16.74504852,16.74504852,16.51691566,16.65379568,1027080
7/13/2011,16.88192749,16.92755466,16.65379464,16.74504748,804753
7/17/2011,16.65379715,16.69942433,16.56254279,16.69942433,526980
7/18/2011,16.56254005,16.60816723,16.51691439,16.56254005,504181
7/19/2011,16.60816956,16.69942391,16.51691671,16.51691671,675349
7/20/2011,16.74504852,16.7906757,16.65379568,16.65379568,453984
7/21/2011,16.74504852,16.74504852,16.74504852,16.74504852,0
7/24/2011,16.88192749,17.01880901,16.74504748,16.74504748,1019313
7/25/2011,16.69942474,16.83630478,16.65379756,16.83630478,977695
7/26/2011,16.69942474,16.74505042,16.65379756,16.65379756,861285
7/27/2011,16.65379715,16.79067718,16.60816997,16.69942433,1235218
7/31/2011,16.69942474,16.74505042,16.51691753,16.5625432,527635
8/1/2011,16.79067993,16.79067993,16.65379988,16.74505274,603164
8/2/2011,16.74504852,16.7906757,16.65379568,16.7906757,563815
8/3/2011,16.65379715,16.79067718,16.51691712,16.51691712,428062
8/7/2011,16.47128487,16.60816486,16.24315054,16.2887762,536860
8/8/2011,16.56254005,16.56254005,16.3344057,16.47128722,821663
8/9/2011,16.38003349,16.42566067,16.06064629,16.33440632,2565048
8/10/2011,16.51691437,16.56254003,16.38003285,16.47128719,951374
8/14/2011,16.38003349,16.51691502,16.1975263,16.51691502,567796
8/15/2011,16.42566299,16.60817021,16.38003581,16.42566299,311891
8/16/2011,16.38003349,16.60816786,16.38003349,16.42566067,533568
8/17/2011,16.38003349,16.51691502,16.33440632,16.33440632,129182
8/21/2011,16.19752693,16.28877978,16.19752693,16.24315411,247781
8/22/2011,15.87814045,16.28878208,15.78688759,16.28878208,1205284
8/23/2011,15.69563007,15.96939161,15.69563007,15.87813726,832219
8/24/2011,15.69563007,15.87813726,15.60437724,15.69563007,846154
8/28/2011,15.69563007,15.69563007,15.69563007,15.69563007,0
9/1/2011,15.69563007,15.69563007,15.69563007,15.69563007,0
9/4/2011,15.96939373,16.06064809,15.92376655,15.96939373,205240
9/5/2011,15.83251286,15.96939288,15.78688568,15.96939288,513588
9/6/2011,15.69563007,15.87813726,15.65000441,15.87813726,784121
9/7/2011,15.74125671,15.78688389,15.69562954,15.74125671,915671
9/11/2011,15.65000629,15.74125914,15.55875194,15.69563196,846401
9/12/2011,15.33061695,15.55875133,15.33061695,15.42187131,1009225
9/13/2011,15.42186928,15.51312362,15.37624211,15.37624211,376864
9/14/2011,15.37624073,15.51312223,15.37624073,15.51312223,326090
9/18/2011,15.46749973,15.51312691,15.33061819,15.42187255,666597
9/19/2011,15.42186928,15.46749645,15.33061493,15.46749645,311440
9/20/2011,15.42186928,15.51312362,15.37624211,15.37624211,413732
9/21/2011,15.37624073,15.4218679,15.37624073,15.4218679,222883
9/22/2011,15.37624073,15.37624073,15.37624073,15.37624073,0
9/25/2011,15.28498936,15.33061653,15.05685649,15.05685649,536461
9/26/2011,15.6043787,15.69563155,15.14810994,15.28498996,773032
9/27/2011,15.87814045,16.06064918,15.55875319,15.60438037,1333108
9/28/2011,15.69563007,15.92376443,15.55875006,15.87813726,510005
9/29/2011,15.69563007,15.69563007,15.69563007,15.69563007,0
10/2/2011,15.6043787,15.65000588,15.51312585,15.6043787,226122
10/3/2011,15.46749973,15.60437977,15.42187255,15.60437977,582897
10/4/2011,15.42186928,15.51312362,15.2393621,15.42186928,416499
10/5/2011,15.51312542,15.65000544,15.42187107,15.46749824,163071
10/9/2011,15.74125671,15.92376389,15.65000388,15.74125671,1206984
10/10/2011,15.87814045,15.87814045,15.69563323,15.87814045,730711
10/11/2011,15.87814045,15.92376763,15.83251478,15.83251478,483268
10/12/2011,15.74125671,15.87813672,15.69562954,15.83251106,228365
10/16/2011,15.65000629,15.78688632,15.55875194,15.74125914,352607
10/17/2011,15.78688049,15.78688049,15.60437335,15.60437335,407513
10/18/2011,15.83251286,15.83251286,15.69563132,15.69563132,169355
10/19/2011,15.87814045,15.92376763,15.74126041,15.74126041,263815
10/23/2011,15.69563007,15.78688442,15.69563007,15.74125725,239996
10/24/2011,15.65000629,15.74125914,15.60437911,15.74125914,626350
10/25/2011,15.69563007,15.74125725,15.55875006,15.65000441,388300
10/26/2011,15.74125671,15.83251106,15.55874953,15.69562954,1409006
10/30/2011,16.69942474,16.7906776,15.87814,15.96939436,1499619
10/31/2011,16.33440971,16.79067854,16.33440971,16.79067854,643008
11/1/2011,16.56254005,16.74504724,16.15189852,16.15189852,343391
11/2/2011,16.56254005,16.60816723,16.24315286,16.42566004,525653
11/6/2011,16.56254005,16.56254005,16.56254005,16.56254005,0
11/10/2011,16.56254005,16.56254005,16.56254005,16.56254005,0
11/13/2011,16.79067993,16.79067993,16.60817269,16.69942707,274783
11/14/2011,16.69942474,16.7906776,16.65379756,16.74505042,192046
11/15/2011,16.69942474,16.7906776,16.60817038,16.74505042,191830
11/16/2011,16.74504852,16.74504852,16.6081685,16.65379568,393960
11/21/2011,16.92755318,16.92755318,16.60816601,16.79067318,534783
11/22/2011,16.97318459,17.01881177,16.9275574,16.97318459,588071
11/23/2011,16.97318459,16.97318459,16.97318459,16.97318459,0
11/24/2011,16.97318459,16.97318459,16.97318459,16.97318459,0
11/27/2011,16.69942474,16.97318482,16.69942474,16.97318482,664125
11/28/2011,16.79067993,16.92755999,16.60817269,16.65379988,368185
11/29/2011,16.69942474,16.83630478,16.65379756,16.83630478,299513
11/30/2011,16.60816956,16.74504958,16.60816956,16.69942391,265008
12/4/2011,16.56254005,16.6537944,16.47128722,16.60816723,294530
12/5/2011,16.65379715,16.69942433,16.51691712,16.51691712,285175
12/6/2011,16.79067993,16.79067993,16.51691982,16.51691982,261430
12/7/2011,17.61196136,17.93134863,17.33819978,17.33819978,4822372
12/11/2011,17.79446793,17.97697514,17.42945349,17.52070786,1616414
12/12/2011,17.74883652,17.93134369,17.70321086,17.88571803,756564
12/13/2011,17.70321274,17.84009275,17.61195839,17.7488384,940991
12/14/2011,17.74883652,17.84009086,17.70321086,17.70321086,729397
12/19/2011,17.74883652,17.79446369,17.65758369,17.70321086,344882
12/20/2011,17.65758514,17.79446516,17.61195797,17.74883798,365076
12/21/2011,18.20510864,18.43324303,17.74883987,17.74883987,3208221
12/22/2011,18.20510864,18.20510864,18.20510864,18.20510864,0
12/25/2011,18.20510864,18.66137742,18.11385579,18.66137742,1897075
12/26/2011,18.25073624,18.34198909,17.97697466,18.29636342,1311467
12/27/2011,18.06822968,18.29636408,17.93134813,18.25073689,524400
12/28/2011,18.25073624,18.52449781,17.88572181,18.06822903,730074
1/1/2012,17.93134499,18.20510652,17.93134499,18.06822651,542984
1/2/2012,18.02260208,18.06822926,17.88572205,17.9769749,1023338
1/3/2012,18.06822968,18.06822968,17.93134813,17.97697531,643013
1/4/2012,17.97697067,18.02259784,17.9313435,18.02259784,357811
1/8/2012,17.8400898,17.97696979,17.7032098,17.97696979,596611
1/9/2012,17.88572121,18.06822841,17.79446685,17.88572121,354714
1/10/2012,17.8400898,17.93134262,17.79446263,17.88571697,385165
1/11/2012,18.06822968,18.06822968,17.79446809,17.84009528,474381
1/15/2012,18.25073624,18.38761627,18.11385621,18.34198909,617416
1/16/2012,18.15948486,18.20511205,18.068232,18.20511205,498768
1/17/2012,17.97697067,18.15947784,17.88571784,18.06822501,661007
1/18/2012,18.29636192,18.29636192,17.9769732,17.9769732,1823853
1/22/2012,18.25073624,18.47887063,18.11385621,18.29636342,953911
1/23/2012,18.29636192,18.47886912,18.15948039,18.43324194,1684145
1/24/2012,18.25073624,18.34198909,18.15948188,18.29636342,1039341
1/25/2012,18.25073624,18.29636342,18.20510906,18.25073624,312806
1/29/2012,18.25073624,18.25073624,18.25073624,18.25073624,0
1/30/2012,18.47886848,18.52449566,18.34198696,18.47886848,705782
1/31/2012,18.61574936,18.61574936,18.43324216,18.43324216,723464
2/1/2012,18.79825592,18.79825592,18.43324154,18.61574873,544367
2/2/2012,18.79825592,18.79825592,18.79825592,18.79825592,0
2/5/2012,18.79825592,18.8438831,18.70700308,18.8438831,613638
2/6/2012,18.52449799,18.88951241,18.29636359,18.79825805,1200344
2/7/2012,18.52449799,18.57012366,18.43324362,18.52449799,439342
2/8/2012,18.79825592,18.79825592,18.43324154,18.52449589,1040729
2/12/2012,18.70700073,18.8895079,18.66137356,18.75262639,566321
2/13/2012,18.70700073,18.75262639,18.52449356,18.57011922,1013085
2/14/2012,18.66137695,18.7526298,18.43324257,18.70700413,800025
2/15/2012,18.75263405,18.84388843,18.47887394,18.52450113,612046
2/20/2012,18.52449799,18.61575084,18.52449799,18.57012366,358865
2/21/2012,18.57011986,18.70700137,18.43323985,18.70700137,850638
2/22/2012,18.57011986,18.57011986,18.57011986,18.57011986,0
2/23/2012,18.57011986,18.57011986,18.57011986,18.57011986,0
2/26/2012,18.66137695,18.66137695,18.52449693,18.61574978,338282
2/27/2012,18.61574936,18.70700371,18.52449651,18.57012218,419449
2/28/2012,18.66137695,18.935137,18.52449693,18.70700413,1312898
2/29/2012,19.30014992,19.89329861,18.61574688,18.61574688,2924750
3/4/2012,19.16326904,19.20889622,18.79825468,18.98076186,538152
3/5/2012,19.20889664,19.25452381,19.1176438,19.16326946,483216
3/6/2012,19.16326904,19.3914034,19.07201621,19.16326904,1385781
3/7/2012,19.20889664,19.43703099,19.07201663,19.07201663,1487631
3/11/2012,19.43703079,19.57391231,19.39140362,19.43703079,1294548
3/12/2012,19.98455429,19.98455429,19.43703269,19.43703269,1379740
3/13/2012,20.07580948,20.16706384,19.89330227,19.89330227,1410242
3/14/2012,20.07580948,20.25831669,19.98455512,20.16706384,1130371
3/18/2012,19.9389286,20.03018297,19.75642139,19.98455579,574666
3/19/2012,20.25831413,20.6233285,19.80204542,19.9845526,2084937
3/20/2012,20.21269035,20.48645193,20.07581032,20.25831753,943394
3/21/2012,20.34956932,20.66895806,20.16706362,20.16706362,1130687
3/25/2012,20.16706276,20.2583156,19.89330121,20.21268843,1103299
3/26/2012,20.39519882,20.53207886,19.93893,20.16706592,1696328
3/27/2012,20.34956932,20.53207653,20.16706362,20.34956932,1070867
3/28/2012,20.80583954,20.98834676,20.30394506,20.4408251,1515935
4/1/2012,20.76021194,20.85146479,20.62333041,20.76021194,738930
4/2/2012,20.62332916,20.85146353,20.62332916,20.71458351,1088293
4/3/2012,23.15571022,23.15571022,21.21257336,21.37450233,11864843
4/4/2012,23.23667526,24.20824452,22.99378256,23.96535182,10114360
4/8/2012,21.69835854,22.10318022,21.13161096,22.02221496,4074670
4/9/2012,21.61739731,21.94125377,21.37450612,21.69836104,1976743
4/10/2012,21.05064774,21.69835905,20.88871875,21.69835905,2766139
4/11/2012,20.80775833,20.96968579,20.07908169,20.96968579,2066605
4/15/2012,20.48390007,20.80775806,20.24100889,20.48390007,1283485
4/16/2012,19.99811172,20.48389552,19.83618431,20.48389552,2144260
4/17/2012,20.3219738,20.48390127,20.0790826,20.3219738,1843963
4/18/2012,20.16004562,20.48390054,20.07908189,20.40293681,1868925
4/22/2012,20.88871765,21.05064663,20.48389752,20.6458265,1266306
4/23/2012,20.88871765,21.21257406,20.72679022,20.88871765,1354465
4/24/2012,20.80775833,21.21257697,20.72679306,20.88872052,1046444
4/25/2012,20.80775833,20.96968579,20.64582933,20.96968579,979375
4/29/2012,21.69835854,21.94125124,21.37450366,21.94125124,2382079
4/30/2012,21.69835854,21.7793238,21.45546738,21.69835854,1089748
5/1/2012,21.45546722,21.69835838,21.21257453,21.69835838,1498264
5/2/2012,21.69835854,21.86028752,21.37450366,21.37450366,1806923
5/6/2012,21.94125175,22.02221548,21.69835905,21.86028803,1173389
5/7/2012,21.69835854,21.86028752,21.37450366,21.69835854,1953521
5/8/2012,21.86029053,22.10318326,21.61739779,21.7793268,1436103
5/9/2012,21.61739731,21.86029004,21.61739731,21.69836104,1769599
5/10/2012,21.61739731,21.61739731,21.61739731,21.61739731,0
5/13/2012,22.50800323,22.6699307,22.10318304,22.18414677,1850843
5/14/2012,22.02221298,22.42703309,21.86028556,22.42703309,1742096
5/15/2012,22.2651062,22.34606992,21.9412498,21.9412498,1045976
5/16/2012,22.2651062,22.34606992,21.86028609,22.10317877,1001091
5/20/2012,21.86029053,22.18414699,21.69836153,22.02221799,705175
5/21/2012,21.77932549,21.94125294,21.69836022,21.77932549,993956
5/22/2012,21.86029053,22.02221799,21.7793268,21.94125426,919066
5/23/2012,21.77932549,21.86028921,21.69836022,21.77932549,280681
5/27/2012,21.86029053,21.94125426,21.69836153,21.7793268,530625
5/28/2012,21.86029053,22.02221799,21.69836153,21.86029053,1595463
5/29/2012,22.10318184,22.34607302,21.94125285,22.10318184,3928459
5/30/2012,22.18414688,22.26511061,22.02221788,22.10318315,1487050
6/3/2012,22.6699276,22.91282029,21.69835835,21.69835835,1545888
6/4/2012,22.34607124,22.75089138,22.02221483,22.58896394,2432583
6/5/2012,22.18414688,22.58896707,22.10318315,22.42703807,775867
6/6/2012,22.10318184,22.26510929,21.69836013,22.26510929,722486
6/10/2012,21.86029053,22.02221799,21.69836153,21.94125426,472251
6/11/2012,21.86029053,22.02221799,21.7793268,21.94125426,1245700
6/12/2012,21.69835854,21.7793238,21.61739482,21.7793238,804426
6/13/2012,21.86029053,22.34607445,21.53643406,21.69836153,2863934
6/17/2012,22.34607124,22.42703496,22.02221483,22.02221483,516061
6/18/2012,22.34607124,22.42703496,22.1841438,22.34607124,603400
6/19/2012,22.02221298,22.34606937,21.94124927,22.34606937,1092055
6/20/2012,22.10318184,22.18414556,21.94125285,22.10318184,686880
6/25/2012,22.10318184,22.10318184,22.10318184,22.10318184,0
6/26/2012,22.10318184,22.10318184,22.10318184,22.10318184,0
6/27/2012,22.10318184,22.10318184,22.10318184,22.10318184,0
6/28/2012,22.10318184,22.10318184,22.10318184,22.10318184,0
7/1/2012,22.10318184,22.10318184,22.10318184,22.10318184,0
7/2/2012,20.88871765,20.88871765,20.72679022,20.80775547,429585
7/3/2012,20.88871765,21.13161034,20.80775547,20.80775547,1140524
7/4/2012,20.88871765,20.96968291,20.80775547,20.96968291,686399
7/8/2012,20.9696846,21.13161205,20.88871934,21.05064832,414787
7/9/2012,20.64582825,20.96968468,20.56486452,20.96968468,831004
7/10/2012,20.64582825,20.80775724,20.48389926,20.48389926,420558
7/11/2012,20.48390007,20.64582907,20.40293634,20.64582907,357324
7/15/2012,20.80775833,20.80775833,20.48390034,20.48390034,304394
7/16/2012,20.40293503,20.80775672,20.32197131,20.72679146,386626
7/17/2012,20.24100685,20.48389801,20.16004313,20.32197057,366471
7/18/2012,19.99811172,20.3219681,19.99811172,20.24100439,720706
7/22/2012,19.75522614,20.07908417,19.67426394,19.99811889,1439250
7/23/2012,19.51233292,19.75522411,19.43136919,19.75522411,632350
7/24/2012,19.67425919,19.67425919,19.43136649,19.59329393,435840
7/25/2012,19.59329414,19.6742594,19.51233042,19.6742594,324950
7/29/2012,20.88871765,21.05064663,20.48389752,20.48389752,874603
7/30/2012,21.21257591,21.3745049,20.80775729,20.88871947,3333664
7/31/2012,21.37450409,21.53643153,21.21257511,21.37450409,1526798
8/1/2012,20.9696846,21.37450476,20.9696846,21.37450476,593659
8/5/2012,20.88871765,21.21257406,20.80775547,21.05064663,650140
8/6/2012,20.64582825,20.88871942,20.40293553,20.88871942,996564
8/7/2012,20.48390007,20.72679279,20.32197262,20.72679279,1119608
8/8/2012,20.24100685,20.48389801,20.07907941,20.48389801,1090649
8/12/2012,20.5648632,20.5648632,19.67425921,20.07907935,2279871
8/13/2012,20.48390007,20.72679279,20.24100889,20.56486534,1651326
8/14/2012,20.3219738,20.56486654,20.24101007,20.56486654,767204
8/15/2012,22.34607124,22.34607124,20.40293428,20.40293428,6445318
8/19/2012,22.34607124,22.34607124,22.34607124,22.34607124,0
8/23/2012,22.34607124,22.34607124,22.34607124,22.34607124,0
8/26/2012,22.83185387,22.83185387,22.26510632,22.50799901,1753804
8/27/2012,22.75089264,22.99378381,22.50800147,22.75089264,1319059
8/28/2012,23.23667526,23.23667526,22.58896397,22.75089141,1270246
8/29/2012,23.3176403,23.64149518,22.66992747,23.15571133,2158141
9/2/2012,22.6699276,22.99378247,22.50800016,22.91282029,1129439
9/3/2012,22.2651062,22.5889626,22.2651062,22.50799888,565018
9/4/2012,22.34607124,22.42703496,22.10318009,22.34607124,627033
9/6/2012,22.34607124,22.34607124,22.34607124,22.34607124,0
9/9/2012,22.10318184,22.34607302,22.02221657,22.18414556,838558
9/10/2012,21.86029053,22.18414699,21.7793268,22.18414699,730813
9/11/2012,21.77932549,21.94125294,21.69836022,21.86028921,449009
9/12/2012,21.86029053,21.94125426,21.61739779,21.69836153,571976
9/16/2012,21.77932549,21.94125294,21.53643277,21.86028921,780207
9/17/2012,22.10318184,22.18414556,21.69836013,21.7793254,1203987
9/18/2012,22.2651062,22.42703363,21.9412498,22.10317877,1494676
9/19/2012,22.75089264,22.75089264,22.10318131,22.34607248,1481182
9/24/2012,22.6699276,22.75089132,22.26510746,22.6699276,748623
9/25/2012,22.58896255,22.66992627,22.26510616,22.26510616,1174274
9/26/2012,22.6699276,22.75089132,22.02221476,22.4270349,1610982
9/30/2012,22.6699276,22.6699276,22.26510746,22.34607118,1926863
10/1/2012,22.58896255,22.66992627,22.50799884,22.58896255,727506
10/2/2012,22.42703629,22.669929,22.34607256,22.669929,1150207
10/3/2012,22.50800323,22.50800323,22.34607423,22.50800323,301893
10/7/2012,21.94125175,22.42703563,21.94125175,22.42703563,1118040
10/8/2012,21.94125175,22.10318074,21.37450416,21.77932431,1625184
10/9/2012,21.94125175,22.10318074,21.77932431,22.02221548,208746
10/10/2012,21.69835854,21.86028752,21.45546738,21.86028752,899737
10/14/2012,22.02221298,22.02221298,21.21257278,21.45546545,603517
10/15/2012,22.10318184,22.18414556,21.69836013,21.86028912,795538
10/16/2012,22.58896255,23.1557101,22.02221347,22.02221347,70161177
10/17/2012,22.34607124,22.66992766,22.26510752,22.50800022,1344405
10/21/2012,22.2651062,22.42703363,22.10317877,22.34606992,427244
10/22/2012,22.2651062,22.42703363,22.18414249,22.2651062,323808
10/23/2012,22.42703629,22.50800155,22.26510884,22.50800155,607869
10/24/2012,22.42703629,23.15571288,22.26510884,22.34607256,874645
10/28/2012,22.42703629,22.42703629,22.42703629,22.42703629,0
11/1/2012,22.42703629,22.42703629,22.42703629,22.42703629,0
11/4/2012,22.18414688,22.42703807,22.10318315,22.34607434,970719
11/5/2012,22.42703629,22.42703629,22.26510884,22.34607256,353661
11/6/2012,22.58896255,22.58896255,22.34606987,22.50799884,858670
11/7/2012,22.34607124,22.42703496,22.26510752,22.42703496,916468
11/11/2012,22.34607124,22.50800022,22.26510752,22.26510752,674843
11/12/2012,22.34607124,22.50800022,22.26510752,22.34607124,574333
11/13/2012,22.34607124,22.50800022,22.26510752,22.34607124,386890
11/14/2012,22.42703629,22.50800155,22.34607256,22.34607256,341616
11/18/2012,22.02221298,22.34606937,21.94124927,22.34606937,781643
11/19/2012,21.69835854,21.94125124,21.2935384,21.7793238,754905
11/20/2012,21.29353905,21.77932446,21.29353905,21.77932446,458094
11/21/2012,20.72679138,21.37450424,20.64582766,21.29353898,1074112
11/25/2012,20.9696846,21.37450476,20.72679189,21.37450476,640504
11/26/2012,21.37450409,21.37450409,20.96968394,21.21257511,415127
11/27/2012,21.21257591,21.21257591,21.05064846,21.21257591,179185
11/28/2012,21.21257591,21.53643235,21.05064846,21.13161219,522936
12/2/2012,21.21257591,21.21257591,21.21257591,21.21257591,0
12/3/2012,21.45546722,21.45546722,21.29353825,21.3745035,140842
12/4/2012,21.37450409,21.37450409,21.29353883,21.37450409,104744
12/5/2012,21.37450409,21.45546781,21.21257511,21.45546781,368940
12/6/2012,21.37450409,21.37450409,21.37450409,21.37450409,0
12/9/2012,21.37450409,21.37450409,21.37450409,21.37450409,0
12/10/2012,20.80775833,21.21257697,20.80775833,21.13161325,399680
12/11/2012,20.64582825,20.88871942,20.64582825,20.88871942,784945
12/12/2012,20.40293503,20.72679146,20.40293503,20.64582774,653432
12/13/2012,20.40293503,20.40293503,20.40293503,20.40293503,0
12/16/2012,20.40293503,20.40293503,20.40293503,20.40293503,0
12/17/2012,20.5648632,20.5648632,20.40293423,20.5648632,363611
12/18/2012,20.64582825,20.64582825,20.48389926,20.64582825,222041
12/19/2012,20.5648632,20.72679064,20.40293423,20.72679064,826084
12/20/2012,20.5648632,20.5648632,20.5648632,20.5648632,0
12/23/2012,20.5648632,20.5648632,20.5648632,20.5648632,0
12/24/2012,20.24100685,20.40293429,19.99811415,20.40293429,906777
12/25/2012,20.16004562,20.32197308,20.16004562,20.24100935,429089
12/26/2012,20.24100685,20.32197057,20.16004313,20.24100685,460308
12/27/2012,20.24100685,20.24100685,20.24100685,20.24100685,0
12/30/2012,20.24100685,20.24100685,20.24100685,20.24100685,0
12/31/2012,20.5648632,20.5648632,20.40293423,20.40293423,411805
1/1/2013,20.64582825,20.72679197,20.48389926,20.48389926,509460
1/2/2013,21.05064774,21.05064774,20.4838986,20.56486387,847069
1/3/2013,21.05064774,21.05064774,21.05064774,21.05064774,0
1/6/2013,21.05064774,21.05064774,21.05064774,21.05064774,0
1/7/2013,20.9696846,21.05064832,20.80775715,20.9696846,564550
1/8/2013,21.05064774,21.13161146,20.96968401,21.05064774,512924
1/9/2013,21.37450409,22.0222154,21.05064766,21.05064766,1688612
1/10/2013,21.37450409,21.37450409,21.37450409,21.37450409,0
1/13/2013,21.37450409,21.37450409,21.37450409,21.37450409,0
1/14/2013,21.69835854,21.69835854,21.37450366,21.45546738,2323716
1/15/2013,21.29353905,21.6983592,21.29353905,21.61739548,380314
1/16/2013,21.05064774,21.45546788,21.05064774,21.2935389,355110
1/17/2013,21.05064774,21.05064774,21.05064774,21.05064774,0
1/20/2013,21.05064774,21.05064774,21.05064774,21.05064774,0
1/21/2013,21.61739731,21.69836104,21.21257712,21.45546985,804660
1/22/2013,21.69835854,21.86028752,21.37450366,21.45546738,1021484
1/23/2013,21.53643227,21.8602887,21.53643227,21.61739599,234766
1/24/2013,21.53643227,21.53643227,21.53643227,21.53643227,0
1/27/2013,21.53643227,21.53643227,21.53643227,21.53643227,0
1/28/2013,21.29353905,21.37450431,21.21257533,21.21257533,736848
1/29/2013,21.29353905,21.37450431,21.21257533,21.29353905,504874
1/30/2013,21.29353905,21.45546803,21.29353905,21.37450431,462994
1/31/2013,21.29353905,21.29353905,21.29353905,21.29353905,0
2/3/2013,21.29353905,21.29353905,21.29353905,21.29353905,0
2/4/2013,21.61739731,21.61739731,21.37450612,21.53643358,163542
2/5/2013,21.53643227,21.69835971,21.37450482,21.45546854,669467
2/6/2013,21.45546722,21.69835838,21.3745035,21.69835838,407925
2/7/2013,21.45546722,21.45546722,21.45546722,21.45546722,0
2/10/2013,21.45546722,21.45546722,21.45546722,21.45546722,0
2/11/2013,21.21257591,21.3745049,21.13161219,21.3745049,325476
2/12/2013,21.05064774,21.2935389,20.88871875,21.21257518,367818
2/13/2013,20.9696846,21.05064832,20.88871934,20.88871934,228801
2/14/2013,20.9696846,20.9696846,20.9696846,20.9696846,0
2/17/2013,20.9696846,20.9696846,20.9696846,20.9696846,0
2/18/2013,20.5648632,20.8077559,20.48389795,20.8077559,1353535
2/19/2013,20.5648632,20.8077559,20.40293423,20.5648632,798778
2/20/2013,20.72679138,20.72679138,20.40293495,20.56486394,606938
2/21/2013,20.72679138,20.72679138,20.72679138,20.72679138,0
2/24/2013,20.72679138,20.72679138,20.72679138,20.72679138,0
2/25/2013,20.9696846,21.05064832,20.72679189,21.05064832,309384
2/26/2013,21.05064774,21.05064774,20.80775657,20.80775657,348184
2/27/2013,20.9696846,21.05064832,20.80775715,20.9696846,101777
2/28/2013,20.9696846,20.9696846,20.9696846,20.9696846,0
3/3/2013,20.9696846,20.9696846,20.9696846,20.9696846,0
3/4/2013,21.37450409,21.37450409,21.05064766,21.21257511,248315
3/5/2013,21.13161278,21.3745055,21.13161278,21.29354023,412852
3/6/2013,21.61739731,21.86029004,21.13161339,21.13161339,840767
3/7/2013,21.61739731,21.61739731,21.61739731,21.61739731,0
3/10/2013,21.61739731,21.61739731,21.61739731,21.61739731,0
3/11/2013,21.45546722,21.77932364,21.29353825,21.61739466,546916
3/12/2013,21.45546722,21.45546722,21.21257453,21.3745035,339823
3/13/2013,21.61739731,21.86029004,21.29354085,21.37450612,614776
3/14/2013,21.61739731,21.61739731,21.61739731,21.61739731,0
3/17/2013,21.37450409,21.69835897,21.37450409,21.61739525,423124
3/18/2013,21.21257591,21.3745049,21.05064846,21.3745049,391536
3/19/2013,21.45546722,21.53643094,21.05064709,21.13161081,666053
3/20/2013,21.53643227,21.77932498,21.45546854,21.45546854,786429
3/24/2013,21.21257591,21.3745049,21.13161219,21.3745049,991425
3/25/2013,21.29353905,21.45546803,21.05064788,21.29353905,370351
3/26/2013,21.61739731,21.77932631,21.29354085,21.29354085,682773
3/27/2013,21.77932549,21.86028921,21.53643277,21.53643277,514365
3/31/2013,21.77932549,21.94125294,21.69836022,21.86028921,328736
4/1/2013,22.02221298,22.02221298,21.77932184,21.77932184,723189
4/2/2013,21.86029053,22.10318326,21.86029053,22.02221799,596447
4/3/2013,21.94277763,22.1077603,21.77779497,21.94277763,431915
4/7/2013,21.44782829,21.69530229,21.28284406,21.69530229,637247
4/8/2013,21.44782829,21.53031963,21.28284406,21.36533696,514949
4/9/2013,21.44782829,21.44782829,21.36533696,21.44782829,322571
4/10/2013,21.53032303,21.61281437,21.36534034,21.61281437,578692
4/14/2013,21.28284454,21.44782878,21.20035478,21.36533745,575208
4/15/2013,21.36533737,21.36533737,21.2003547,21.28284447,609567
4/16/2013,21.28284454,21.36533745,21.11786187,21.20035478,715546
4/17/2013,21.1178627,21.36533829,21.1178627,21.28284538,561856
4/21/2013,21.1178627,21.28284538,21.03537136,21.1178627,8438732
4/22/2013,21.1178627,21.28284538,21.03537136,21.20035561,557629
4/23/2013,21.20035744,21.28284721,20.78789757,21.11786452,1091160
4/24/2013,21.1178627,21.20035561,21.03537136,21.20035561,349137
4/28/2013,21.20035744,21.28284721,21.20035744,21.28284721,336855
4/29/2013,21.44782829,21.53031963,21.28284406,21.28284406,837605
4/30/2013,21.44782829,21.53031963,21.44782829,21.44782829,699432
5/1/2013,21.44782829,21.53031963,21.36533696,21.53031963,715726
5/2/2013,21.44782829,21.44782829,21.44782829,21.44782829,0
5/5/2013,21.44782829,21.61281096,21.36533696,21.44782829,749439
5/6/2013,21.44782829,21.53031963,21.36533696,21.44782829,624407
5/7/2013,21.61281204,22.52022146,21.44782937,21.44782937,1935813
5/8/2013,21.53032303,21.86028998,21.44783168,21.77779864,1111898
5/12/2013,21.61281204,21.86028762,21.44782937,21.44782937,1062053
5/13/2013,21.86028862,21.86028862,21.44783034,21.53032169,608315
5/14/2013,21.7777977,21.94278038,21.69530479,21.69530479,532360
5/15/2013,21.69530678,21.7777997,21.36534138,21.69530678,967894
5/19/2013,21.7777977,21.94278038,21.69530479,21.86028904,1654156
5/20/2013,21.7777977,21.94278038,21.61281344,21.86028904,1068384
5/21/2013,22.02527046,22.1077618,21.69530354,21.86028779,694793
5/22/2013,22.02527046,22.1077618,21.86028779,22.1077618,954926
5/26/2013,21.86028862,22.10776264,21.86028862,22.0252713,251571
5/27/2013,21.86028862,21.94277996,21.77779728,21.86028862,347987
5/28/2013,21.86028862,21.94277996,21.77779728,21.86028862,713748
5/29/2013,23.09766388,24.00507179,22.76769694,22.85018828,13272019
6/2/2013,23.09766388,23.34513948,23.09766388,23.26264657,1254209
6/3/2013,23.09766388,23.26264657,23.01517254,23.09766388,2015438
6/4/2013,23.01517105,23.18015373,22.93267971,23.18015373,960258
6/5/2013,23.34513664,23.42762641,22.93267841,23.01516974,1507786
6/9/2013,23.09766388,23.18015522,23.01517254,23.18015522,1279543
6/10/2013,23.09766388,23.18015522,23.01517254,23.18015522,1086594
6/11/2013,23.09766388,23.09766388,23.01517254,23.01517254,780045
6/12/2013,23.18015289,23.18015289,22.93267889,23.09766156,1317423
6/16/2013,22.35523796,22.4377293,21.94277969,22.02527103,1522656
6/17/2013,23.01517105,23.18015373,22.52022146,22.52022146,1399427
6/18/2013,22.85018539,23.18015229,22.68520273,23.18015229,888563
6/19/2013,22.85018539,23.01516963,22.6027114,22.85018539,698783
6/23/2013,23.09766388,23.09766388,22.85018828,22.85018828,420994
6/24/2013,22.93268204,23.09766473,22.93268204,23.09766473,263965
6/25/2013,22.93268204,23.09766473,22.85018912,23.01517338,565572
6/26/2013,23.34513664,23.75759488,23.18015241,23.42762641,3547411
6/27/2013,38.81128693,38.81128693,38.81128693,38.81128693,0
6/30/2013,23.18015289,23.4276269,23.09766156,23.34513713,809388
7/1/2013,23.34513664,23.42762641,23.09766107,23.18015241,1145853
7/2/2013,23.34513664,23.51011931,23.18015241,23.26264374,1061142
7/3/2013,23.59261131,23.59261131,23.42762707,23.42762707,840585
7/4/2013,23.59261131,23.59261131,23.59261131,23.59261131,0
7/7/2013,24.08756065,24.08756065,23.75759532,23.75759532,1081788
7/8/2013,24.25254631,24.41752899,24.00507072,24.00507072,1235431
7/9/2013,24.17005157,24.33503581,24.00506891,24.33503581,662235
7/10/2013,23.92258072,24.17005475,23.75759803,24.17005475,513298
7/14/2013,24.08756065,24.08756065,23.84008665,23.92257799,496862
7/15/2013,24.25254631,24.25254631,23.92257938,24.00507072,463189
7/16/2013,24.17005157,24.25254448,24.08756024,24.08756024,319082
7/17/2013,24.41752815,24.66500373,24.17005257,24.25254548,2225223
7/21/2013,24.58250809,24.58250809,24.17004988,24.17004988,587243
7/22/2013,24.58250809,24.66500098,24.41752543,24.58250809,846159
7/23/2013,24.50002098,24.66500365,24.41752808,24.66500365,858186
7/24/2013,24.58250809,24.58250809,24.41752543,24.50001833,445927
7/25/2013,24.58250809,24.58250809,24.58250809,24.58250809,0
7/28/2013,24.91247749,25.40742708,24.82998616,25.15995307,1808721
7/29/2013,25.32493782,25.32493782,24.8299882,24.99497088,753765
7/30/2013,26.47982407,26.64480677,25.2424491,25.32494045,3803978
7/31/2013,27.55221558,28.29464089,26.47982484,26.64480755,5185920
8/1/2013,27.38722992,28.12965516,27.13975589,27.71719844,2774862
8/4/2013,27.79968643,27.9646691,27.55220929,27.88217777,1686031
8/5/2013,27.88218117,28.04716386,27.71719848,27.79968982,1963109
8/11/2013,27.88218117,27.88218117,27.88218117,27.88218117,0
8/13/2013,27.96467018,28.37712687,27.88217884,28.04716152,1991773
8/14/2013,27.88218117,28.1296552,27.71719848,28.04716386,1234114
8/15/2013,27.88218117,28.04716386,27.79968982,27.88218117,853236
8/19/2013,27.88218117,27.88218117,27.634704,27.88218117,1215625
8/20/2013,27.7171936,27.88217626,27.5522078,27.7171936,1144374
8/21/2013,27.7171936,27.79968493,27.38722514,27.7171936,1482564
8/22/2013,27.7171936,27.79968493,27.46971647,27.7171936,793082
8/25/2013,27.7171936,27.96466759,27.5522078,27.7171936,1593169
8/26/2013,27.55221558,27.71720142,27.38723287,27.71720142,1684094
8/27/2013,26.47982407,27.22224936,25.73739877,27.22224936,3190850
8/28/2013,26.47982407,27.05726666,25.57241607,25.65490742,2978165
8/29/2013,26.47982407,27.05726666,26.31484136,26.72729812,1740537
9/1/2013,27.46972084,27.55221218,26.80978696,26.80978696,1779856
9/2/2013,27.7171936,27.7171936,27.13975115,27.63469913,2100044
9/3/2013,27.13975525,28.1296545,26.97477256,27.71719779,3873923
9/4/2013,26.23234558,27.05726209,26.23234558,27.05726209,2118153
9/5/2013,26.644804,26.80978669,25.90238035,26.06736304,1767380
9/8/2013,27.05726433,27.46972105,26.80978716,27.05726433,2223083
9/9/2013,27.05726433,27.13975567,26.72729581,27.13975567,2016147
9/10/2013,27.46972084,28.08840905,27.22224681,28.08840905,4940605
9/11/2013,27.22224998,27.71720124,27.22224998,27.71720124,1866405
9/12/2013,27.22224998,27.34598701,27.09851296,27.34598701,1098515
9/15/2013,27.46972084,27.71719801,27.34598383,27.46972084,1495314
9/16/2013,27.46972084,27.59345786,27.34598383,27.46972084,1090147
9/17/2013,27.46972084,27.59345786,27.34598383,27.46972084,787318
9/18/2013,27.46972084,27.46972084,27.22224681,27.46972084,788389
9/19/2013,27.46972084,27.59345786,27.34598383,27.46972084,1256946
9/24/2013,27.46972084,27.59345786,27.34598383,27.46972084,517283
9/25/2013,27.46972084,27.46972084,27.46972084,27.46972084,0
9/26/2013,27.46972084,27.46972084,27.22224681,27.34598383,645394
9/29/2013,27.22224998,27.34598701,27.09851296,27.22224998,407430
9/30/2013,27.09851074,27.22224776,26.97477372,27.22224776,358172
10/1/2013,27.09851074,27.22224776,26.97477372,27.09851074,310584
10/2/2013,27.22224998,27.22224998,26.97477593,27.22224998,465475
10/3/2013,27.09851074,27.22224776,26.97477372,27.09851074,430402
10/6/2013,26.97477341,27.34598446,26.85103325,27.22224744,819838
10/7/2013,26.60355949,27.09851071,26.60355949,26.97477369,777675
10/8/2013,26.23234558,26.6035566,26.10860701,26.6035566,655364
10/9/2013,25.73739624,26.10860885,25.61365923,26.10860885,879675
10/10/2013,26.10860825,26.10860825,25.73739564,25.73739564,529780
10/13/2013,26.10860825,26.10860825,26.10860825,26.10860825,0
10/20/2013,26.72729492,26.72729492,26.35608389,26.4798209,620910
10/21/2013,27.22224998,27.46972404,26.6035617,26.72729873,1108124
10/22/2013,27.59345436,28.21214249,27.22224336,27.22224336,2537161
10/23/2013,27.59345436,27.7171945,27.46971736,27.59345436,642190
10/24/2013,27.59345436,27.8409315,27.59345436,27.59345436,635507
10/27/2013,27.7171936,27.8409306,27.46971647,27.7171936,549595
10/28/2013,27.46972084,27.84093502,27.46972084,27.71719801,473677
10/29/2013,26.97477341,27.59345849,26.85103325,27.59345849,630182
10/30/2013,27.59345436,27.7171945,26.97476937,27.22224336,1249982
10/31/2013,27.7171936,27.7171936,27.59345347,27.7171936,424278
11/3/2013,27.84093285,28.08840686,27.5934557,27.84093285,512879
11/4/2013,27.84093285,27.84093285,27.5934557,27.84093285,465672
11/5/2013,27.84093285,27.96466985,27.71719584,27.71719584,781441
11/6/2013,27.7171936,27.96466759,27.7171936,27.96466759,519921
11/7/2013,27.84093285,27.96466985,27.71719584,27.71719584,521137
11/10/2013,27.84093285,27.96466985,27.71719584,27.84093285,298859
11/11/2013,27.84093285,27.84093285,27.71719584,27.84093285,613244
11/12/2013,27.84093285,27.96466985,27.71719584,27.71719584,719182
11/13/2013,27.7171936,27.8409306,27.7171936,27.8409306,254512
11/14/2013,27.59345436,27.8409315,27.59345436,27.7171945,332155
11/17/2013,27.59345436,27.8409315,27.34598036,27.7171945,552643
11/18/2013,27.59345436,27.59345436,27.34598036,27.59345436,389663
11/19/2013,27.46972084,27.59345786,27.0985098,27.59345786,852375
11/20/2013,27.3459816,27.59345561,27.22224459,27.3459816,373791
11/21/2013,27.22224998,27.34598701,27.09851296,27.34598701,373498
11/24/2013,27.3459816,27.4697186,27.22224459,27.3459816,346185
11/25/2013,27.22224998,27.34598701,27.22224998,27.22224998,281295
11/26/2013,27.09851074,27.34598478,26.97477372,27.22224776,731608
11/27/2013,26.60355949,27.09851071,26.47982248,26.97477369,1289124
11/28/2013,26.60355949,26.85103353,26.47982248,26.60355949,890160
12/1/2013,26.60355949,26.72729651,26.47982248,26.60355949,601387
12/2/2013,26.47982407,26.47982407,26.23235001,26.47982407,830250
12/3/2013,26.23234558,26.6035566,26.23234558,26.35608259,732785
12/4/2013,26.47982407,26.60356109,26.23235001,26.23235001,959031
12/5/2013,26.35608292,26.47981992,26.23234591,26.47981992,427942
12/8/2013,26.60355949,26.85103353,26.47982248,26.60355949,1087815
12/9/2013,26.47982407,26.72729812,26.47982407,26.60356109,415713
12/10/2013,26.85103035,27.0985075,26.60355634,26.60355634,1263448
12/11/2013,26.97477341,27.22224744,26.97477341,26.97477341,1089351
12/12/2013,26.85103035,26.97477049,26.60355634,26.97477049,653939
12/15/2013,26.72729492,26.85103193,26.60355791,26.72729492,444429
12/16/2013,26.60355949,26.85103353,26.47982248,26.72729651,821517
12/17/2013,26.35608292,26.72729394,26.23234591,26.72729394,1062623
12/18/2013,26.60355949,26.85103353,26.35608546,26.47982248,1359883
12/19/2013,26.35608292,26.60355693,26.23234591,26.60355693,1529174
12/22/2013,26.35608292,26.47981992,26.23234591,26.35608292,743800
12/23/2013,26.23234558,26.47981959,26.23234558,26.47981959,625763
12/24/2013,26.35608292,26.47981992,26.23234591,26.23234591,677161
12/25/2013,26.23234558,26.47981959,26.23234558,26.35608259,674702
12/26/2013,26.47982407,26.47982407,26.23235001,26.23235001,489664
12/29/2013,26.47982407,26.47982407,26.23235001,26.47982407,438303
12/30/2013,26.23234558,26.35608259,26.10860701,26.23234558,1479942
12/31/2013,25.98487282,26.35608544,25.98487282,26.23234843,1033661
1/1/2014,26.23234558,26.23234558,25.98487,26.10860701,795534
1/2/2014,26.23234558,26.23234558,25.98487,26.23234558,537305
1/5/2014,26.10860825,26.10860825,25.98487123,26.10860825,388057
1/6/2014,26.10860825,26.10860825,25.86113422,25.98487123,403038
1/7/2014,25.98487282,26.10860984,25.8611358,25.98487282,550084
1/8/2014,25.98487282,25.98487282,25.73739721,25.98487282,756577
1/9/2014,26.47982407,26.47982407,25.86113737,25.98487439,2085187
1/12/2014,26.47982407,26.60356109,26.23235001,26.47982407,577233
1/13/2014,26.35608292,26.47981992,26.23234591,26.35608292,619530
1/14/2014,26.35608292,26.35608292,26.35608292,26.35608292,0
1/15/2014,26.72729492,26.72729492,26.35608389,26.35608389,670576
1/16/2014,27.3459816,27.84093276,26.47981943,26.72729344,3578431
1/19/2014,27.59345436,27.8409315,26.97476937,27.22224336,2202975
1/20/2014,28.70709801,28.70709801,27.34598453,27.46972155,3003924
1/21/2014,29.20203972,29.44951684,28.58335476,28.70709175,2226208
1/22/2014,29.69699478,30.56315697,29.20204361,29.32578062,3129159
1/23/2014,29.57326126,30.06820935,29.44952424,29.69699828,743551
1/26/2014,29.44952202,29.82073306,28.45962278,28.7070968,1319311
1/27/2014,29.57326126,29.8207353,28.95457301,29.07831003,1543607
1/28/2014,29.44952202,29.94447007,29.32578187,29.44952202,578742
1/29/2014,29.32578278,29.57325995,29.20204576,29.44952293,509651
1/30/2014,29.57326126,29.69699828,29.07831003,29.32578408,824648
2/2/2014,29.57326126,29.94447233,29.44952424,29.44952424,713513
2/3/2014,29.82073021,29.94446721,29.20204207,29.57325621,1295676
2/4/2014,29.57326126,29.69699828,29.20204706,29.44952424,931136
2/5/2014,30.81063652,31.05811372,29.57326309,29.57326309,3423604
2/6/2014,32.17174149,32.17174149,30.68689125,30.93436524,2728282
2/9/2014,32.04800797,32.91417017,31.55305679,32.29548198,1608970
2/10/2014,31.55306053,32.17174879,31.42932351,32.17174879,723313
2/11/2014,31.30558586,31.42932288,30.68689761,31.30558586,943528
2/12/2014,31.55306053,31.55306053,31.18184946,31.30558648,508997
2/13/2014,31.55306053,31.92427474,31.55306053,31.67679756,611342
2/16/2014,31.4293232,31.80053741,31.4293232,31.67679724,613615
2/17/2014,31.30558586,31.55305991,31.18184884,31.42932288,290171
2/18/2014,31.4293232,31.55306022,31.18184915,31.30558617,277452
2/19/2014,31.55306053,31.55306053,31.30558648,31.55306053,411337
2/20/2014,31.55306053,31.55306053,31.18184946,31.55306053,418338
2/23/2014,31.4293232,31.80053741,31.4293232,31.67679724,332219
2/24/2014,31.30558586,31.42932288,31.05811182,31.42932288,588917
2/25/2014,30.81063652,31.42932481,30.68689949,31.42932481,1814946
2/26/2014,30.68689346,30.81063047,30.31568245,30.81063047,1094974
2/27/2014,30.68689346,30.93436747,30.43941945,30.68689346,815299
3/2/2014,30.68689346,30.68689346,30.43941945,30.68689346,803293
3/3/2014,30.31568527,30.68689632,30.31568527,30.56315931,1119071
3/4/2014,30.68689346,30.93436747,30.31568245,30.31568245,653006
3/5/2014,30.43941689,30.93436486,30.31567989,30.93436486,839934
3/6/2014,31.05810547,31.05810547,30.31568035,30.56315434,869439
3/9/2014,31.4293232,31.67679724,31.18184915,31.30558617,1423106
3/10/2014,31.18184471,31.55305573,31.18184471,31.55305573,550545
3/11/2014,31.4293232,31.55306022,30.93437196,31.18184915,586220
3/12/2014,31.30558586,31.42932288,31.05811182,31.42932288,453579
3/13/2014,31.30558586,31.30558586,31.30558586,31.30558586,0
3/16/2014,31.30558586,31.42932288,31.05811182,31.05811182,365608
3/17/2014,30.56315804,31.42932026,30.43942102,31.30558324,1255917
3/18/2014,30.68689346,30.93436747,30.56315646,30.93436747,874498
3/19/2014,30.81063652,30.81063652,30.43942543,30.68689949,470118
3/20/2014,30.93437195,30.93437195,30.56316088,30.81063493,289664
3/23/2014,31.18184471,31.42931872,30.81063056,30.93436756,979608
3/24/2014,31.05810547,31.18184247,30.81062834,31.18184247,934609
3/25/2014,31.05810547,31.18184247,30.81062834,30.93436533,605243
3/26/2014,31.05810547,31.18184247,30.81062834,30.93436533,732758
3/27/2014,31.18184471,31.30558172,30.93436756,30.93436756,783135
3/30/2014,31.80053902,32.17175011,31.18185073,31.18185073,1681833
3/31/2014,31.92426491,31.92426491,31.55305081,31.92426491,885703
4/1/2014,32.04800797,32.04800797,31.6767938,31.80053395,1287694
4/2/2014,32.41921997,32.41921997,31.92427192,32.04800893,1822211
4/3/2014,32.79618835,32.79618835,32.16790808,32.54487752,1766098
4/6/2014,32.5448761,32.79618692,32.29356527,32.79618692,635804
4/7/2014,32.41921616,32.54487155,32.29356076,32.54487155,551891
4/8/2014,32.41921616,32.54487155,32.29356076,32.41921616,622616
4/9/2014,32.29357147,32.54488234,32.16791285,32.41922691,972720
4/10/2014,32.29357147,32.41922691,32.16791285,32.29357147,535838
4/13/2014,32.0422554,32.29356945,31.79094454,32.29356945,537587
4/14/2014,32.16790771,32.16790771,32.0422523,32.16790771,366348
4/15/2014,32.41921616,32.41921616,32.04224678,32.16790218,571479
4/16/2014,32.5448761,32.5448761,32.29356527,32.5448761,755311
4/17/2014,32.67052841,32.79618381,32.41921761,32.54487301,988968
4/20/2014,32.41921616,32.79618234,32.41921616,32.79618234,808631
4/21/2014,32.5448761,32.67053151,32.41922069,32.67053151,505102
4/22/2014,32.5448761,32.67053151,32.41922069,32.5448761,484746
4/23/2014,32.41921616,32.67052695,32.29356076,32.67052695,370938
4/24/2014,33.92708588,34.17839987,32.16790388,32.29356247,1706930
4/27/2014,35.68626785,36.18889265,34.05274445,34.05274445,4204291
4/28/2014,35.18364334,36.8171698,34.68101859,35.6862649,1752506
4/29/2014,35.18364334,35.6862649,34.80667717,34.93233256,1021084
4/30/2014,34.55537415,35.30930992,34.05275242,35.18365449,1767797
5/1/2014,34.17840195,34.68102358,34.17840195,34.68102358,819630
5/4/2014,34.05274582,34.80668144,34.05274582,34.30405663,919329
5/5/2014,34.17840195,34.17840195,33.92708794,34.17840195,680752
5/6/2014,34.05274582,34.55536744,34.05274582,34.17840123,1178459
5/7/2014,33.80143738,34.17840685,33.67578195,34.05275142,589096
5/8/2014,34.17840195,34.17840195,33.67577712,33.92708794,450625
5/11/2014,34.17840195,34.30405736,33.92708794,34.05274654,520555
5/12/2014,34.05274582,34.42971204,34.05274582,34.17840123,781350
5/13/2014,34.17840195,34.30405736,33.92708794,34.17840195,862825
5/14/2014,33.92708588,34.30405527,33.80143048,34.17839987,946231
5/15/2014,34.42971802,34.68102887,33.92709312,34.05275173,1755580
5/18/2014,34.55537415,34.68102958,34.17840785,34.42971871,1844332
5/19/2014,34.55537415,34.55537415,34.05275242,34.30406328,1169713
5/20/2014,34.55537415,34.80668819,34.30406328,34.42971871,767833
5/21/2014,34.42971802,34.68102887,34.42971802,34.68102887,451022
5/22/2014,34.93233109,35.30929724,34.42970636,34.42970636,1430411
5/25/2014,35.18364334,35.18364334,34.5553632,34.93233256,754843
5/26/2014,35.68626785,36.18889265,35.18364625,35.18364625,3630861
5/27/2014,35.3093071,36.06324281,35.18365168,35.81193197,1499786
5/28/2014,35.3093071,35.43496252,34.93234084,35.43496252,893982
5/29/2014,35.18364334,35.6862649,34.93233256,35.18364334,1550409
6/1/2014,35.68626785,35.68626785,35.18364625,35.30930165,1004472
6/2/2014,35.43495941,35.68627023,35.309304,35.56061482,290457
6/3/2014,35.3093071,35.43496252,35.18365168,35.18365168,243237
6/4/2014,35.56061554,35.68627095,35.1836493,35.1836493,896928
6/5/2014,35.68626785,35.93758184,35.18364625,35.56061245,1145645
6/8/2014,35.93758011,35.93758011,35.18364455,35.81192471,1522304
6/9/2014,36.31455612,36.81718103,35.68627579,35.68627579,2365376
6/10/2014,36.56586456,36.94283079,36.18889515,36.31455056,1629635
6/11/2014,37.06848526,37.19414067,36.44020504,36.56586363,1306316
6/12/2014,36.94283295,37.19414378,36.69152211,36.94283295,941877
6/15/2014,36.18889618,36.69152102,35.81192994,36.56586561,1004565
6/16/2014,35.3093071,36.31455365,34.55537139,36.18889823,1280524
6/17/2014,35.81192398,35.93757937,34.42970829,34.55536368,992313
6/18/2014,36.06324387,36.06324387,35.56061898,35.81193302,520324
6/19/2014,35.93758011,36.0632355,35.56061074,35.93758011,453776
6/22/2014,36.06324387,36.31455471,35.43496356,35.93758844,1076776
6/23/2014,35.68626785,35.93758184,35.30930165,35.68626785,674682
6/24/2014,35.43495941,35.68627023,34.80668236,35.68627023,1439841
6/25/2014,35.05799484,35.56061651,34.93233943,35.56061651,1052931
6/26/2014,35.18364334,35.56060951,34.93233256,34.93233256,744778
6/29/2014,35.18364334,35.30929873,34.68101859,34.93233256,569251
6/30/2014,35.18364334,35.43495412,34.93233256,35.18364334,915114
7/1/2014,35.18364334,35.30929873,34.93233256,35.18364334,1333630
7/2/2014,35.3093071,35.56061794,35.05799626,35.05799626,623251
7/3/2014,35.18364334,35.30929873,34.93233256,35.30929873,839399
7/6/2014,35.56061554,35.56061554,35.1836493,35.30930472,849180
7/7/2014,35.43495941,35.56061482,35.309304,35.56061482,754126
7/8/2014,35.56061554,35.68627095,35.1836493,35.43496013,651164
7/9/2014,35.3093071,35.56061794,35.3093071,35.56061794,447500
7/10/2014,35.43495941,35.56061482,35.18364859,35.309304,544709
7/13/2014,35.3093071,35.56061794,35.3093071,35.43496252,413831
7/14/2014,35.81192398,35.81192398,35.30929922,35.30929922,697851
7/15/2014,35.81192398,35.93757937,35.56061001,35.93757937,841479
7/16/2014,35.81192398,35.93757937,35.6862654,35.81192398,447639
7/17/2014,36.06324387,36.44021014,35.68627441,35.81193302,1031514
7/20/2014,35.81192398,36.06323477,35.56061001,36.06323477,696745
7/21/2014,35.56061554,35.81192955,35.30930472,35.81192955,483283
7/22/2014,36.69152069,36.69152069,35.81192962,35.93758503,1602452
7/23/2014,37.06848526,37.57111007,36.69151904,36.69151904,1220765
7/24/2014,36.56586456,37.0684862,36.44020597,37.0684862,854629
8/3/2014,36.56586456,36.69151997,36.06323974,36.44020597,688818
8/4/2014,36.81717682,36.94283223,36.6915214,36.6915214,499582
8/5/2014,36.81717682,37.69676791,36.81717682,36.81717682,1602103
8/6/2014,36.56586456,36.94283079,36.44020597,36.94283079,844441
8/7/2014,36.81717682,36.94283223,36.56586599,36.6915214,563570
8/10/2014,36.81717682,36.94283223,36.6915214,36.94283223,508168
8/11/2014,37.1941452,37.44545923,36.69152351,36.69152351,1083876
8/12/2014,37.31980515,37.571116,37.0684911,37.31980515,1281732
8/13/2014,39.20464325,39.58160953,37.44546089,37.57111631,2808634
8/14/2014,39.20464325,39.958579,38.95333239,39.20464325,1359371
8/17/2014,39.45595551,39.45595551,38.95333378,39.20464464,851806
8/18/2014,39.33029556,39.45595098,39.20464015,39.33029556,397413
8/19/2014,39.33029556,39.45595098,39.20464015,39.33029556,322659
8/20/2014,39.20464325,39.4559541,38.95333239,39.33029868,940950
8/21/2014,39.07897949,39.20463489,38.7020101,39.20463489,461310
8/24/2014,39.58161163,39.58161163,38.95333446,38.95333446,718816
8/25/2014,38.95333099,39.45595269,38.70201696,39.45595269,851617
8/26/2014,39.07897949,39.20463489,38.7020101,38.7020101,316410
8/27/2014,39.07897949,39.20463489,38.8276655,39.07897949,812566
8/28/2014,38.95333099,39.07898642,38.57636154,39.07898642,567765
8/31/2014,39.33029556,39.45595098,38.95332931,38.95332931,510166
9/1/2014,39.20464325,39.33029868,39.07898782,39.20464325,368976
9/2/2014,39.07897949,39.20463489,38.8276655,39.20463489,343891
9/3/2014,39.07897949,39.20463489,38.8276655,38.95332409,309072
9/4/2014,39.20464325,39.20464325,38.95333239,38.95333239,460416
9/7/2014,39.07897949,39.33029029,38.95332409,39.20463489,484435
9/8/2014,39.58161163,39.8329225,39.0789899,39.0789899,660785
9/9/2014,39.07897949,39.7072565,38.95332409,39.5816011,857889
9/10/2014,38.57635498,39.33029058,38.57635498,38.95332437,1415780
9/11/2014,37.94807816,38.70201382,37.94807816,38.70201382,1010231
9/14/2014,37.44545746,38.07373454,37.31980204,38.07373454,1038518
9/15/2014,37.31980515,37.69677143,36.81718025,37.31980515,1716522
9/16/2014,37.94807816,38.19939217,37.19414249,37.31980109,852224
9/17/2014,40.08422852,40.20988392,37.948077,38.199391,3579093
9/18/2014,39.95857239,40.46119402,39.70725839,40.08422779,2057664
9/21/2014,41.21513367,42.09472479,39.83291768,39.95857629,1761082
9/22/2014,40.96382523,41.21513608,39.95857863,40.8381698,1416784
9/24/2014,40.08422852,40.71250875,40.08422852,40.71250875,2346366
9/25/2014,40.58684921,41.21512943,39.95857218,39.95857218,2217881
9/28/2014,40.20988846,40.83816876,40.08423303,40.58685473,1837935
9/29/2014,40.20988846,40.33554388,39.95857761,40.08423303,1665592
9/30/2014,40.4611969,40.58685232,40.20988607,40.33554148,1729320
10/1/2014,40.58684921,40.96381862,40.20988299,40.20988299,876252
10/2/2014,39.95857239,40.58684942,39.83291379,40.33553861,1352222
10/12/2014,38.19939804,39.45595555,37.19414821,39.45595555,1229205
10/13/2014,40.96382523,41.21513608,37.57111596,37.57111596,2587988
10/14/2014,39.45595551,40.7125162,39.20464464,40.7125162,2783267
10/15/2014,38.95333099,39.45595269,38.32505069,39.45595269,2735903
10/16/2014,38.19939804,39.07898925,37.69677312,38.32505347,4654903
10/19/2014,38.45070267,39.20463833,37.94807783,39.07898291,1858655
10/20/2014,38.70201492,38.82767034,38.19939326,38.70201492,1569985
10/21/2014,39.20464325,39.58160953,38.57636292,38.70201835,1003471
10/22/2014,38.95333099,39.70726353,38.95333099,39.58160811,1166208
10/23/2014,39.58161163,39.95858112,38.57636497,38.95333446,3158134
10/26/2014,41.08948135,41.71776168,39.45595441,39.58160984,2387742
10/27/2014,40.20988846,41.59210449,40.08423303,40.96382419,836578
10/28/2014,39.95857239,40.08422779,39.45594757,39.95857239,692697
10/29/2014,39.83291245,40.58684805,39.83291245,39.95857104,1049458
10/30/2014,40.20988846,40.33554388,39.45595273,39.70726358,638278
11/2/2014,40.20988846,40.83816876,39.95857761,40.20988846,1168069
11/3/2014,39.70726776,40.20989269,39.70726776,40.20989269,778500
11/4/2014,39.20464325,39.958579,38.70201835,39.70726496,724976
11/5/2014,37.94807816,39.07898325,37.4454565,38.45070299,1631727
11/6/2014,37.57110977,38.19938999,37.57110977,38.19938999,1250279
11/9/2014,37.82242203,38.07373285,37.4454558,37.82242203,1585198
11/10/2014,37.6967659,38.07373212,37.44545508,37.94807672,1214913
11/11/2014,37.44545746,37.82242371,37.19414344,37.57111287,680326
11/12/2014,37.1941452,37.57111466,37.06848978,37.31980381,734509
11/13/2014,36.81717682,37.31980167,36.6915214,37.19414306,516008
11/16/2014,36.94283295,37.06848836,36.18889726,36.81717753,785398
11/17/2014,36.31455612,36.6915256,36.06324526,36.44021155,638406
11/18/2014,36.94283295,37.06848836,35.93758642,36.18889726,498773
11/19/2014,37.82242203,37.94807744,36.81717556,36.81717556,639766
11/20/2014,37.6967659,37.94807672,37.31979968,37.94807672,757197
11/23/2014,37.6967659,37.82242131,37.57111049,37.6967659,676571
11/24/2014,37.31980515,37.69677143,37.31980515,37.69677143,223538
11/25/2014,37.1941452,37.1941452,36.18889864,37.1941452,445086
11/26/2014,36.69152069,36.94283152,36.06324044,36.56586528,534693
11/27/2014,36.81717682,37.06848765,36.56586599,36.56586599,335816
11/30/2014,36.69152069,36.69152069,33.67577804,35.18364937,1078944
12/1/2014,37.6967659,37.6967659,35.93758381,36.31455003,815861
12/2/2014,37.6967659,37.94807672,37.57111049,37.57111049,363251
12/3/2014,37.94807816,38.07373357,37.31980109,37.31980109,288087
12/4/2014,37.82242203,38.19939145,37.69676662,37.82242203,506372
12/7/2014,37.82242203,38.19939145,37.69676662,37.69676662,312287
12/8/2014,37.94807816,38.32504758,37.69676733,37.94807816,415347
12/9/2014,37.57110977,37.57110977,36.31454934,37.19414037,527697
12/10/2014,37.06848526,37.69676548,36.18889422,37.69676548,402351
12/11/2014,37.1941452,37.31980381,35.68627376,36.06324322,475601
12/14/2014,36.94283295,37.31980239,36.18889726,37.06848836,849863
12/15/2014,36.94283295,37.4454578,36.81717753,36.94283295,680171
12/16/2014,35.43495941,36.18889506,34.80668236,36.18889506,2782283
12/17/2014,37.06848526,37.06848526,35.560614,36.06323882,655305
12/18/2014,38.82767105,39.45595133,37.31980284,37.31980284,2991480
12/21/2014,38.45070267,39.45594915,37.69676701,39.33029374,3152808
12/22/2014,38.45070267,38.70201349,38.19939184,38.57635808,597974
12/23/2014,38.45070267,38.8276689,38.32504726,38.45070267,493682
12/24/2014,38.70201492,38.95332894,38.45070409,38.45070409,960938
12/25/2014,39.07897949,39.07897949,37.69676371,38.5763547,376712
12/28/2014,40.20988846,40.33554388,38.95333104,39.07898646,1254761
12/29/2014,39.83291245,40.33553724,39.33029083,39.58160164,1171153
12/30/2014,38.19939804,39.33030012,38.19939804,39.33030012,766738
12/31/2014,38.70201492,38.95332894,36.69152188,38.70201492,337101
1/1/2015,38.70201492,38.95332894,38.32504867,38.45070409,275589
1/4/2015,38.45070267,38.8276689,38.32504726,38.45070267,236075
1/5/2015,37.57110977,38.4507008,37.19414037,38.4507008,410120
1/6/2015,36.56586456,36.69151997,36.06323974,36.18889515,363545
1/7/2015,37.1941452,37.31980381,36.56586809,36.69152351,284151
1/8/2015,37.44545746,37.82242371,37.31980204,37.44545746,200888
1/11/2015,38.0737381,38.0737381,37.31980553,37.31980553,127281
1/12/2015,38.0737381,38.19939671,37.94808267,38.0737381,226352
1/13/2015,38.19939804,38.32505347,37.57111769,37.57111769,259862
1/14/2015,38.95333099,39.33029726,38.07373666,38.19939527,438028
1/15/2015,39.33029556,39.33029556,38.57635987,39.07898473,275133
1/18/2015,38.82767105,39.45595133,38.32504938,39.07898508,547206
1/19/2015,39.45595551,39.8329218,39.07898921,39.07898921,568714
1/20/2015,39.58161163,39.70726707,39.33030076,39.33030076,134245
1/21/2015,39.58161163,39.95858112,39.20464533,39.4559562,292403
1/22/2015,39.70726776,39.70726776,39.33030145,39.33030145,235213
1/26/2015,40.71250534,40.71250534,40.33553596,40.33553596,768861
1/27/2015,40.71250534,40.96381614,40.46119136,40.71250534,807216
1/28/2015,41.46644974,41.46644974,40.712514,40.712514,648094
1/29/2015,42.22037506,42.22037506,40.83816243,40.96381784,806500
2/1/2015,43.09997177,44.23087693,42.97431635,43.47694122,811160
2/2/2015,42.47169495,43.60259693,42.34603634,43.60259693,769531
2/3/2015,41.96907043,42.84866158,41.71775959,42.72300616,794927
2/4/2015,40.96382523,42.09472725,40.8381698,41.8434164,583884
2/5/2015,40.83816528,41.21513152,40.20988503,40.83816528,721222
2/8/2015,41.59209824,41.71775364,41.08947343,41.21512884,433518
2/9/2015,41.08948135,41.96907254,40.20989017,41.46645083,769852
2/10/2015,40.96382523,41.46645012,40.20988948,41.08948065,512399
2/11/2015,40.83816528,40.83816528,40.33554045,40.71250987,650659
2/12/2015,40.96382523,41.08948065,40.33554491,40.71251437,478055
2/15/2015,41.34078598,41.7177554,40.71250893,40.71250893,911588
2/16/2015,41.21513367,41.96906937,40.83816741,40.83816741,800676
2/17/2015,41.46644974,41.71776059,40.712514,41.2151357,445687
2/18/2015,41.21513367,41.59210311,40.71251199,41.21513367,495072
2/19/2015,41.71775818,41.71775818,40.46119762,40.96382248,457134
2/22/2015,41.21513367,41.96906937,41.21513367,41.46644769,513476
2/23/2015,41.59209824,41.84340904,40.96381803,40.96381803,370494
2/24/2015,41.46644974,41.96907144,41.2151357,41.59210516,484522
2/25/2015,41.70267868,41.96907009,41.21513437,41.4664484,306746
2/26/2015,40.97889709,41.34078595,40.7125089,41.21513054,564683
3/1/2015,41.21010971,41.34079199,40.71251485,41.08948114,256643
3/2/2015,41.61722946,41.71775379,41.21512898,41.21512898,438467
3/3/2015,41.47650146,41.96907266,41.46645094,41.59210637,257925
3/4/2015,41.46644974,41.71776059,41.2151357,41.59210516,325233
3/5/2015,41.69262695,41.71775804,41.4664472,41.4664472,350360
3/8/2015,43.22562408,43.47693489,41.96906369,41.96906369,1470017
3/9/2015,43.22562408,43.47693489,41.96906369,41.96906369,1470017
3/10/2015,43.35128403,43.35128403,42.84865918,42.97431459,801767
3/11/2015,43.97956467,44.10522328,42.5973518,42.84866265,795800
3/12/2015,43.97956467,44.48218956,43.85390924,44.10522328,1144210
3/15/2015,44.35652542,44.35652542,43.09996504,43.47693443,706924
3/16/2015,43.09997177,44.23087693,42.34603606,43.85390748,1446024
3/17/2015,42.59734344,43.09996505,42.47168804,42.97430965,769654
3/18/2015,41.71775818,42.84866013,41.71775818,42.47169387,624338
3/19/2015,43.47693253,43.60258792,42.47168618,42.84865236,475443
3/22/2015,43.22562408,43.8539011,42.72299929,43.35127949,493692
3/23/2015,45.36177444,45.48742985,42.72300131,42.84865672,928150
3/24/2015,44.60784531,46.1157168,44.35653445,45.36178105,1056975
3/25/2015,42.8486557,45.23611796,42.8486557,45.11046255,656532
3/26/2015,44.23087692,44.35653234,41.3407895,41.96906979,910478
3/29/2015,44.48218536,44.85915479,44.23087454,44.35652995,383979
3/30/2015,43.97956467,44.48218956,43.60259839,44.35653413,581760
3/31/2015,43.72825241,44.23087728,42.22038098,44.10522186,801494
4/1/2015,43.60259247,43.97955869,43.35128165,43.72824788,252957
4/2/2015,43.47693253,43.97955411,42.72299697,43.97955411,454908
4/5/2015,42.97431946,43.47694436,42.22038369,43.47694436,168353
4/6/2015,43.35574341,44.24574385,41.32145759,41.32145759,484103
4/7/2015,43.61003113,43.99146176,43.35574619,43.35574619,347085
4/8/2015,44.50003052,44.75431867,43.61003004,43.61003004,634257
4/9/2015,44.75432205,45.008607,44.62717958,44.62717958,263853
4/12/2015,44.62717819,44.75432066,44.37289003,44.5000325,177229
4/13/2015,44.62717819,44.88146313,44.62717819,44.75432066,230252
4/14/2015,46.02574539,46.53431846,44.75431755,44.88146001,1988220
4/15/2015,46.66146851,47.42432663,45.89861038,46.28004106,828219
4/16/2015,46.28003311,46.78860295,46.28003311,46.66146049,395239
4/19/2015,46.9157486,47.80574911,46.53432119,46.53432119,1079590
4/20/2015,48.82289124,49.07717615,47.42431774,47.80574511,1369614
4/21/2015,48.06003571,48.82289372,47.80574755,48.82289372,266053
4/22/2015,47.93289948,49.07718504,47.80575377,49.07718504,306985
4/23/2015,47.80574417,48.06003231,47.55145926,47.80574417,180801
4/26/2015,46.79877853,47.67860635,46.66146338,47.67860635,968885
4/27/2015,46.50380707,47.04289179,46.0257488,47.04289179,669779
4/28/2015,46.3614006,46.66145938,45.6443165,46.66145938,722078
4/29/2015,46.1172905,46.53431907,46.02574599,46.28003414,542546
4/30/2015,45.89860153,46.40717459,45.77145907,46.15288967,776036
5/3/2015,45.70026398,46.15289375,45.64432065,46.15289375,384958
5/4/2015,46.0104866,46.28003054,45.39003014,45.7714575,836839
5/5/2015,45.685009,46.40718281,45.6443247,46.40718281,343302
5/6/2015,46.14780426,46.28003306,45.51717508,45.51717508,635492
5/7/2015,46.16814423,46.28003088,45.64431538,46.15288842,175701
5/10/2015,46.20883179,46.40717661,45.89860353,46.28003415,95400
5/11/2015,45.78163147,46.28003184,45.77145878,46.28003184,214856
5/12/2015,46.03591919,46.15289219,45.64431911,45.64431911,159338
5/13/2015,46.08677292,46.28003139,46.02574325,46.02574325,510947
5/14/2015,45.89860153,46.40717459,45.89860153,46.40717459,270925
5/17/2015,46.2190094,46.28003908,45.77146594,45.89860842,258606
5/18/2015,46.03082657,46.28002835,45.77145533,46.28002835,374805
5/19/2015,45.97997665,46.53432039,45.89860483,45.89860483,466346
5/20/2015,46.14780426,46.1528906,45.77146,46.02574492,313052
5/21/2015,46.02574539,46.407176,45.89860293,45.89860293,427363
5/24/2015,46.43260574,46.53431972,46.02574663,46.28003478,181260
5/25/2015,46.28003311,46.78860295,46.15289065,46.53431803,159375
5/26/2015,46.84963226,47.29717566,46.53431767,46.53431767,507009
5/27/2015,46.41734314,47.17003164,46.15288877,47.04288596,316039
5/28/2015,46.0460968,46.53432456,45.64432399,46.53432456,641806
5/31/2015,45.9240303,46.40717487,45.77145935,46.15288996,425495
6/1/2015,45.92911911,46.02574674,45.77146181,45.89860427,431328
6/2/2015,45.85791779,46.28003269,45.77145962,46.15289023,193977
6/3/2015,46.01557541,46.15289056,45.89860241,45.89860241,306496
6/4/2015,46.50380707,47.17003749,46.0257488,46.0257488,494299
6/7/2015,46.18340302,46.40717633,46.02574572,46.40717633,384953
6/8/2015,46.45803833,46.53432382,46.15289639,46.15289639,48024
6/9/2015,46.7224884,46.91574365,46.28003137,46.28003137,233641
6/10/2015,46.73265839,46.78860171,46.40717434,46.66145926,118818
6/11/2015,46.83437729,46.91574588,46.66146096,46.78860342,119447
6/14/2015,47.33277512,47.42431963,46.78860408,46.78860408,169086
6/15/2015,47.41923523,47.93289467,47.04289094,47.55146404,469110
6/16/2015,47.01745605,47.29717267,46.91574209,47.17003022,569283
6/17/2015,46.78351593,47.17003288,46.53431736,47.04288719,143354
6/18/2015,46.2952919,46.78860597,45.77146299,46.6614635,533014
6/21/2015,45.99014282,46.53431379,45.00859795,46.53431379,254699
6/22/2015,44.95775223,46.02575229,43.99146615,45.64432485,1977334
6/23/2015,45.27814484,45.51717395,44.75431598,44.75431598,322987
6/24/2015,45.6799202,45.77146471,45.00860665,45.26289159,61690
6/25/2015,46.37665939,46.53431669,45.5171738,45.64431626,213403
6/28/2015,46.0460968,46.78860952,45.77146647,46.53432456,313604
6/29/2015,46.12237167,46.28002896,44.62717066,45.77145593,445430
6/30/2015,45.74603653,46.02574997,45.00860695,46.02574997,368644
7/1/2015,45.69008255,45.77145436,45.13573891,45.64431191,227935
7/2/2015,45.8324852,46.28002855,45.51717064,45.51717064,355778
7/5/2015,46.7224884,46.91574365,45.77145832,45.77145832,325948
7/6/2015,47.80574417,48.18717477,46.66145884,46.66145884,913718
7/7/2015,46.71740723,47.93289505,46.53432142,47.80574935,219957
7/8/2015,47.23614502,47.29717469,46.78860164,46.78860164,230495
7/9/2015,46.67672348,47.29718003,46.53432198,47.29718003,402343
7/12/2015,46.66654968,47.04289074,46.66146334,46.78860581,142107
7/13/2015,46.9157486,47.29717923,46.9157486,47.04289107,141882
7/14/2015,47.35311508,47.55145666,47.17002931,47.17002931,229453
7/15/2015,47.68369293,48.82289526,47.29717918,47.42432165,563993
7/19/2015,47.68369293,47.68369293,47.68369293,47.68369293,0
7/20/2015,47.68369293,47.68369293,47.68369293,47.68369293,0
7/21/2015,47.68369293,47.68369293,47.68369293,47.68369293,0
7/22/2015,48.44655228,48.56860841,47.42432293,47.42432293,173028
7/23/2015,48.59403229,48.9500344,48.18717641,48.18717641,163979
7/26/2015,48.42621231,48.5686106,48.31432564,48.31432564,146431
7/27/2015,47.30226135,48.56860281,47.29717501,48.44146036,219060
7/28/2015,47.42432404,47.55146651,47.17003908,47.29718156,176293
7/29/2015,47.43449783,47.80575258,47.42432514,47.42432514,216241
7/30/2015,47.67860031,48.06003089,47.42431541,47.42431541,98135
8/2/2015,46.08677292,47.80574408,45.77145834,47.55145917,252149
8/3/2015,46.66146851,46.66146851,45.89861038,45.89861038,157912
8/4/2015,46.4071846,46.66146957,45.77146895,46.4071846,287587
8/5/2015,47.06322861,47.17002891,46.53431344,46.53431344,211474
8/6/2015,47.03779984,47.17002863,45.8985977,47.17002863,435626
8/9/2015,47.87186432,47.93289399,46.28003547,46.9157478,833715
8/10/2015,48.31431961,48.82289269,47.55146161,47.93289222,323113
8/11/2015,48.40586472,49.84003955,48.31432343,48.31432343,656039
8/12/2015,49.1178627,49.20432087,47.80574731,47.80574731,451860
8/13/2015,48.36517715,49.45860557,48.1871777,49.45860557,378637
8/16/2015,48.02951813,48.44146034,47.80574482,48.18717542,405621
8/17/2015,48.17700577,48.31432092,47.42432043,47.80574783,468432
8/18/2015,47.85152054,48.06003482,47.17003436,47.67860421,346092
8/19/2015,46.66654968,47.55146384,46.28003593,47.29717891,456879
8/20/2015,46.00540161,46.15288944,43.73717307,45.77145884,608233
8/23/2015,43.54391479,45.13574353,41.44859935,45.13574353,590568
8/24/2015,41.42825317,43.4828809,40.68573742,43.22859601,937179
8/25/2015,44.19488525,44.75431528,41.06716795,41.19431363,752841
8/26/2015,43.49306107,44.50003134,42.72003035,44.50003134,493672
8/27/2015,43.72700119,45.89860214,43.61002819,44.50002864,681498
8/30/2015,42.68443298,45.3900357,42.465746,44.62717765,359826
8/31/2015,42.69459534,43.1014544,42.08431159,43.1014544,123232
9/1/2015,43.60494232,43.73717112,42.72002505,42.8471675,315889
9/2/2015,42.95905685,43.10145834,42.46574282,43.10145834,144349
9/3/2015,43.0200882,43.22860248,42.7200294,43.10146002,493780
9/6/2015,42.68443298,43.10146157,42.59288847,42.84717341,175446
9/7/2015,42.56745529,42.97431437,42.46574133,42.97431437,232826
9/8/2015,42.7505455,42.84717313,42.46574573,42.5928882,411955
9/9/2015,44.75432205,45.008607,43.2286059,43.2286059,432645
9/10/2015,44.24066162,44.3728872,43.48288674,43.73717489,180135
9/13/2015,44.11860275,44.50003014,43.22860228,43.48288721,107951
9/14/2015,43.73208618,44.11859989,43.61002684,43.73717252,305793
9/15/2015,43.14214706,43.73717835,41.95717728,43.22860524,397934
9/16/2015,41.64693832,43.4828824,40.68573882,43.2285975,484139
9/17/2015,42.81157684,43.22860545,40.30431566,41.06717372,491007
9/20/2015,42.7505455,42.97431883,41.70288769,42.72003066,197724
9/21/2015,43.22351837,43.35574719,42.84717408,42.84717408,149408
9/27/2015,43.22351837,43.22351837,43.22351837,43.22351837,0
9/28/2015,43.22351837,43.22351837,43.22351837,43.22351837,0
9/29/2015,42.82174683,43.10146025,41.83002915,42.84717209,204470
9/30/2015,42.84717178,42.97431747,42.46574439,42.59288685,104941
10/1/2015,43.25911713,43.73717537,42.72002921,42.72002921,189628
10/4/2015,42.95905685,43.2286008,42.72002774,43.10145834,206088
10/5/2015,43.78294373,43.991458,42.72002698,42.72002698,181204
10/6/2015,44.48477173,44.50002753,43.48288465,43.99145771,174098
10/7/2015,44.60174561,44.75431656,43.48288551,43.48288551,189528
10/8/2015,44.47459793,44.75431455,44.37288397,44.37288397,410193
10/11/2015,44.19997406,45.13574517,44.11860224,44.75431778,271925
10/12/2015,44.45935059,44.50003489,43.8643225,44.50003489,187162
10/13/2015,44.19488525,44.50002715,43.86431487,44.50002715,436682
10/14/2015,43.76259995,43.99145636,43.61002578,43.99145636,92047
10/15/2015,43.98637009,44.50002624,43.22859849,43.99145643,116556
10/18/2015,44.11351395,44.62717334,43.35574232,44.62717334,208367
10/19/2015,44.45935059,44.50003489,43.73718002,43.99146498,88428
10/20/2015,43.98637009,44.37288379,43.86431398,44.24574134,83384
10/21/2015,43.00482941,43.86431828,42.72002964,43.86431828,132349
10/22/2015,41.45877457,42.97431792,41.19431695,42.72002976,12385244
10/25/2015,41.04174423,41.95717647,40.94003026,41.95717647,176379
10/26/2015,40.76712036,41.06717597,40.43146357,41.06717597,291137
10/27/2015,38.93117142,41.06717129,38.39716984,41.06717129,450326
10/28/2015,39.5567131,39.79574222,38.65145684,39.5414573,8325382
10/29/2015,39.92797089,40.17716947,39.79574208,40.050027,178052
11/1/2015,39.35837173,39.92288491,39.16002691,39.92288491,119091
11/2/2015,37.27322006,39.54145158,36.87144736,39.16002102,701910
11/3/2015,37.50716782,37.88859842,36.87145229,37.25288289,1195688
11/4/2015,38.0462532,38.14288082,37.50716534,37.88859592,259180
11/5/2015,37.32407761,38.14287883,37.12573604,38.14287883,100227
11/8/2015,38.17339325,39.79573664,37.12573564,37.25287808,307600
11/9/2015,38.7684288,39.28717137,37.88860098,38.14288592,155033
11/10/2015,39.03288269,39.41431329,38.39716718,38.39716718,224989
11/11/2015,39.64825821,40.05002775,38.90574235,39.03288481,256232
11/12/2015,39.80082703,40.17716805,39.41431331,39.66859823,173973
11/15/2015,38.51414108,39.28716853,37.6343101,39.28716853,291956
11/16/2015,39.28717041,39.54145857,38.90574301,39.03288548,253005
11/17/2015,39.69403076,40.17717215,39.16002916,39.28717163,492467
11/18/2015,40.04494476,40.30431281,39.28716987,39.28716987,207830
11/19/2015,40.38060379,40.81288819,40.17717261,40.30431508,891367
11/22/2015,41.08242798,41.32145709,40.68574157,40.81288403,550021
11/23/2015,41.19431305,41.83002532,40.68574001,41.3214555,380370
11/24/2015,40.89425659,41.83002768,40.81288477,41.4486003,377791
11/25/2015,41.08751297,41.44859819,40.94002514,40.94002514,468918
11/26/2015,41.31637573,41.32146208,40.68574648,40.94003143,633912
11/29/2015,41.06716919,41.19431487,40.68574181,40.94002673,494934
11/30/2015,40.59420395,40.94003018,39.92288719,40.94003018,439116
12/1/2015,40.27888489,40.685744,40.17717091,40.30431338,450771
12/2/2015,40.74677277,40.81288556,40.17717001,40.17717001,216567
12/3/2015,40.3856926,40.81289394,40.30432076,40.81289394,91224
12/6/2015,40.70100021,40.68574441,40.17717131,40.17717131,224843
12/7/2015,41.1536293,41.19431683,40.81288621,40.81288621,731947
12/8/2015,40.55351257,40.68574137,39.79574094,40.68574137,478066
12/9/2015,40.47723007,40.68574436,40.30431374,40.5586019,181189
12/10/2015,40.07545471,40.55859928,40.05002622,40.43145682,480926
12/13/2015,38.51922989,40.17717154,37.6343125,40.17717154,297540
12/14/2015,40.74677277,41.57574356,40.05002755,40.17717001,1242108
12/15/2015,43.4523735,43.48288511,40.68574136,40.94002628,1128766
12/16/2015,42.5827179,44.75431895,42.46574489,43.86431847,498927
12/17/2015,41.67745972,42.97431936,41.44860327,42.7200312,1587125
12/20/2015,41.59608459,41.70288491,40.685742,41.19431507,387798
12/21/2015,41.94191742,41.95717645,41.1943184,41.1943184,137221
12/22/2015,42.46574783,42.59289031,41.95717793,42.21146288,135400
12/23/2015,41.88597488,43.2286052,41.70288908,42.59288961,109670
12/24/2015,41.47911835,42.21146156,41.44860351,41.83003092,107522
12/27/2015,41.1536293,41.44860176,40.94002867,41.19431683,123312
12/28/2015,40.87391281,41.44859865,40.55859823,41.19431374,308819
12/29/2015,39.48551559,40.43145942,39.1600283,40.17717126,455132
12/30/2015,40.04494476,40.05002788,39.54145802,39.54145802,140000
12/31/2015,39.79065704,40.05002832,39.2871703,40.05002832,250990
1/3/2016,40.1975174,40.30431449,39.66860214,39.92288708,199365
1/4/2016,41.13837814,41.95717958,39.79574775,40.17717519,689413
1/5/2016,40.68574524,41.70288823,40.05002966,40.55860277,299813
1/6/2016,40.39077759,40.81289257,39.92289195,40.68575009,294392
1/7/2016,39.07356262,40.68573654,37.63430501,40.17716354,624697
1/10/2016,39.07356262,39.07356262,39.07356262,39.07356262,0
1/11/2016,39.07356262,39.07356262,39.07356262,39.07356262,0
1/12/2016,34.5065918,34.9643046,32.54858847,33.05716147,1419317
1/13/2016,34.56254196,34.83716905,34.20145348,34.71002658,1062149
1/14/2016,34.55236816,34.83716793,33.56574005,34.45574053,362006
1/17/2016,33.10802078,35.98144992,31.5314479,35.85430746,1194973
1/18/2016,32.23836136,34.07430542,32.04001978,33.56573562,913355
1/19/2016,30.92624855,33.0571652,30.6414488,33.0571652,1221919
1/20/2016,29.36492729,30.76858356,28.60715584,30.51429871,830067
1/21/2016,28.19013405,28.98858997,27.71716217,28.98858997,831752
1/24/2016,28.53087807,29.75144892,28.3528754,29.24287908,570287
1/25/2016,29.25813293,29.8785894,28.988589,28.988589,573150
1/26/2016,29.56835938,29.75144514,29.24287536,29.75144514,580649
1/27/2016,31.17036629,31.27716661,29.4971656,29.4971656,402326
1/28/2016,34.17093658,34.20145142,31.53145003,31.53145003,1138699
1/31/2016,33.58607864,36.99859562,33.31144837,35.09144915,954439
2/1/2016,34.07939529,34.32859388,32.54859295,33.5657391,707377
2/2/2016,34.80665207,35.6000249,33.56573906,33.56573906,544515
2/3/2016,34.47099686,34.83716845,34.07431042,34.07431042,350787
2/4/2016,35.05076599,35.21859597,34.58288046,34.71002292,224833
2/7/2016,35.53391266,35.60002868,34.96431308,35.21860125,341861
2/8/2016,35.85939789,36.10859648,35.47288414,35.60002661,3793906
2/9/2016,35.60511017,36.10859366,34.58288093,34.58288093,148898
2/10/2016,34.88802338,35.34573946,34.71002393,35.218597,376473
2/11/2016,33.82511139,34.837168,33.56574011,34.837168,403241
2/14/2016,31.89761925,34.83716437,31.65859015,34.45573701,224166
2/15/2016,32.58928299,33.05716858,31.27716752,32.04002557,458490
2/16/2016,32.04511261,33.43860331,32.04002949,32.67574515,539823
2/17/2016,32.06545258,32.29430902,31.65859346,32.16716655,465953
2/18/2016,31.68910217,32.67573333,31.27716002,32.29430278,1428343
2/21/2016,31.90271568,32.16717336,31.65860016,32.04003087,170469
2/22/2016,32.17733765,32.29431066,31.65859507,32.04002571,645429
2/23/2016,32.89442062,32.9300218,32.2943063,32.54859121,459724
2/24/2016,33.13854218,33.43860101,32.80288539,33.05717034,586854
2/25/2016,34.10482407,34.32859416,33.18430876,33.31145122,625954
2/28/2016,35.5847702,35.72716847,34.58288305,34.58288305,304463
2/29/2016,34.61848068,35.60002567,34.58288273,35.60002567,308702
3/1/2016,35.05076599,35.09145029,34.71002292,34.83716537,159043
3/2/2016,35.55425262,35.72716572,34.96430776,35.09145021,463681
3/3/2016,35.62545395,36.10859531,35.34574053,35.85431038,397277
3/6/2016,37.42071533,37.76146169,35.9814573,36.10859978,383502
3/7/2016,38.5802536,38.77859842,37.38002492,37.63430983,502355
3/8/2016,39.20071411,39.66859966,38.65145674,38.7785992,339341
3/9/2016,37.26305771,39.16002849,37.12574255,39.16002849,867504
3/10/2016,36.11876678,37.88859821,35.98145164,37.25288269,664524
3/13/2016,35.12704849,36.36287823,34.96430487,36.10859011,1272317
3/14/2016,34.63882446,35.85430895,34.58288114,35.09145097,243197
3/15/2016,33.67254257,34.83717355,33.43860298,34.58288858,775689
3/16/2016,34.58796692,34.71002303,33.43859524,34.07430752,315998
3/17/2016,35.52882767,35.72716927,35.0914537,35.2185994,443408
3/20/2016,35.61019897,36.10859616,35.60002629,35.72716875,350586
3/21/2016,35.92042542,36.23574001,35.34573956,35.34573956,394060
3/22/2016,35.99162292,36.10859269,35.72716533,35.98145024,262663
3/23/2016,35.73225403,36.10859507,35.72716768,35.85431015,245135
3/24/2016,35.4067688,35.85431223,35.21859988,35.72716976,162047
3/27/2016,34.97956848,35.85430991,34.83716699,35.72716745,131872
3/28/2016,35.0355072,35.60002358,34.96430807,35.60002358,323499
3/29/2016,34.84225082,34.96430693,34.45573712,34.96430693,234643
3/30/2016,34.91854095,34.9643116,34.32859602,34.9643116,196371
3/31/2016,35.48813629,35.7271654,34.83716499,34.96430744,330338
4/3/2016,35.0355072,35.47288113,34.5828807,35.47288113,293526
4/4/2016,36.09325027,36.9737397,34.39417646,34.39417646,787488
4/5/2016,36.13452148,36.45782956,35.08206049,36.11388647,652722
4/6/2016,37.02877426,37.14571584,36.11388976,36.45783288,471167
4/7/2016,38.56962204,39.38132468,37.31767641,37.31767641,793893
4/10/2016,39.98666763,40.24118247,39.03738836,39.20935661,877677
4/11/2016,39.31254578,40.24118686,39.20936088,40.06921532,601298
4/12/2016,39.6633606,40.24118349,39.38132913,39.55330065,624811
4/13/2016,39.29190445,39.89724397,39.0373896,39.89724397,526891
4/14/2016,39.40884781,39.55330272,39.03739139,39.20935964,859430
4/17/2016,39.03739548,39.55330686,38.86542392,39.55330686,695435
4/18/2016,39.03050995,39.20935982,38.17753715,38.52147695,359620
4/19/2016,39.05115128,39.72527753,38.86542305,39.0373946,458137
4/20/2016,38.55587006,39.03738968,38.34950356,39.03738968,366118
4/21/2016,38.52147675,38.86541982,38.34950521,38.52147675,393591
4/24/2016,38.99612045,39.20936202,38.52147911,38.69345066,645120
4/25/2016,39.20935822,39.38132975,38.6934469,39.20935822,794046
4/26/2016,38.81726456,39.55329899,38.69344467,39.55329899,349076
4/27/2016,38.70032883,39.03739358,38.69345049,38.86542204,428283
4/28/2016,38.61090088,39.03739054,38.52147594,38.69344748,416023
5/1/2016,38.52147675,38.69344828,38.17753695,38.69344828,152973
5/2/2016,38.32199097,38.52147585,38.00556453,38.17753606,207651
5/3/2016,38.19129562,38.52147876,38.0055674,38.0055674,273138
5/4/2016,37.8679924,38.17754054,37.83359743,37.83359743,143285
5/5/2016,37.82671738,38.00556726,37.66162417,38.00556726,340027
5/8/2016,37.79231644,38.34950101,37.4896467,38.00556125,777853
5/9/2016,37.6478653,37.8335935,37.31768218,37.31768218,356202
5/10/2016,37.6203537,37.661627,37.31768717,37.48965545,407836
5/11/2016,37.95741653,38.17753972,37.66162508,37.66162508,592193
5/12/2016,38.19129562,38.69345031,38.17753895,38.17753895,765501
5/24/2016,36.20331192,37.14571298,35.94191543,37.14571298,511832
5/25/2016,36.97373581,37.14570733,36.45782453,36.45782453,241117
5/26/2016,37.88861847,38.17753153,37.14570573,37.48964548,922067
5/29/2016,37.77168655,38.00556641,37.31768352,37.83359487,259668
5/30/2016,37.47589874,37.83359853,37.14571558,37.48965542,416360
5/31/2016,37.6341095,37.83359438,37.31768305,37.66162284,195483
6/1/2016,37.44837189,37.8335882,37.14570544,37.8335882,128535
6/2/2016,37.4621315,37.66161635,37.31767661,37.48964484,161298
6/5/2016,37.45525742,37.66162063,37.31768085,37.4896491,180035
6/6/2016,37.3658371,37.48965373,36.62979925,37.14571391,155893
6/7/2016,37.72353745,37.8335974,37.14571447,37.14571447,233166
6/8/2016,37.83359146,38.17753451,37.48964841,37.48964841,166865
6/9/2016,38.41141891,39.38133332,38.00556751,38.34950732,941956
6/12/2016,37.67538452,38.17753921,37.66162457,38.00556766,229703
6/13/2016,37.99869156,38.0055699,37.48965522,37.66162678,446506
6/15/2016,37.41399002,37.83359813,37.31768674,37.83359813,205703
6/16/2016,37.29016876,37.48965366,37.14571384,37.31768539,186168
6/19/2016,37.31768417,37.66162398,37.31768417,37.48965244,66656
6/20/2016,37.48965073,37.66162226,37.48965073,37.48965073,87056
6/21/2016,37.41399002,37.48965501,37.31768674,37.31768674,150332
6/22/2016,37.48965073,38.17753687,37.48965073,37.48965073,329186
6/23/2016,37.48965073,37.66162226,37.31768247,37.48965073,64191
6/26/2016,37.14570999,37.14570999,35.94191254,37.14570999,412270
6/27/2016,36.80176163,37.31767615,36.80176163,37.31767615,261060
6/28/2016,36.97373581,36.97373581,36.62979277,36.80176429,377275
6/29/2016,37.31768417,37.48965244,36.80176954,36.80176954,331273
6/30/2016,37.66162491,37.83359646,37.31768509,37.31768509,359092
7/3/2016,37.66162491,37.83359646,37.31768509,37.31768509,359092
7/4/2016,37.66162491,37.66162491,37.66162491,37.66162491,0
7/5/2016,37.66162491,37.66162491,37.66162491,37.66162491,0
7/6/2016,37.66162491,37.66162491,37.66162491,37.66162491,0
7/10/2016,38.00556183,38.00556183,37.83359031,37.83359031,89320
7/11/2016,38.00556183,38.17753335,37.83359031,38.00556183,177461
7/12/2016,38.34950638,38.34950638,38.00556657,38.00556657,188491
7/14/2016,38.69345093,39.20936229,38.52147938,38.52147938,554646
7/17/2016,39.38132858,40.75709751,39.20935706,39.89724316,1421993
7/18/2016,39.20935822,39.38132975,38.86541843,39.20935822,277497
7/19/2016,38.86542511,39.03739667,38.52148199,38.86542511,259755
7/20/2016,38.52147675,38.86541982,38.17753695,38.52147675,254417
7/21/2016,38.00556183,38.69344463,37.83359031,38.52147311,261352
7/24/2016,37.31768417,38.00556707,37.14571263,38.00556707,159882
7/25/2016,38.00556183,38.00556183,37.48964727,37.48964727,324576
7/26/2016,38.00556183,38.00556183,37.66161879,38.00556183,95583
7/27/2016,37.14570999,37.83359284,36.97373846,37.83359284,848722
7/28/2016,37.14570999,37.66162131,36.62979539,37.14570999,763843
7/31/2016,38.34950638,38.34950638,37.14571214,37.14571214,362447
8/1/2016,38.17753983,39.38133412,38.17753983,38.3495081,829053
8/2/2016,37.83359146,38.69344581,37.48964841,38.17753451,289076
8/3/2016,37.83359146,38.34950276,37.48964841,37.83359146,167923
8/4/2016,37.66162491,38.17753956,37.48965336,37.83359646,117628
8/7/2016,37.48965073,37.8335938,37.31768247,37.31768247,139996
8/8/2016,37.48965073,37.8335938,37.48965073,37.48965073,170272
8/9/2016,37.83359146,38.00556299,37.48964841,37.48964841,165053
8/10/2016,37.83359146,38.17753451,37.48964841,37.83359146,150515
8/11/2016,37.66162491,38.34950782,37.66162491,37.66162491,256885
8/14/2016,37.66162491,38.17753956,37.66162491,38.17753956,118816
8/15/2016,37.83359146,38.17753451,37.66161993,37.66161993,402125
8/16/2016,38.00556183,38.34950159,37.83359031,37.83359031,729112
8/17/2016,37.83359146,38.17753451,37.66161993,38.17753451,576111
8/18/2016,37.66162491,37.83359646,37.48965336,37.83359646,216945
8/21/2016,36.97373581,38.17753317,36.97373581,37.66161861,356913
8/22/2016,36.62979889,37.31768509,36.62979889,37.31768509,275890
8/23/2016,36.11388397,36.80176682,35.94191244,36.80176682,296603
8/24/2016,35.9419136,36.28585668,35.59797381,36.28585668,948537
8/25/2016,36.28585815,36.28585815,35.42600371,35.94191507,348821
8/28/2016,36.45782471,36.62979295,35.94191014,36.11388166,253986
8/29/2016,36.11388397,36.45782704,35.59797266,36.45782704,366912
8/30/2016,36.62979889,36.62979889,36.11388752,36.28585907,329613
8/31/2016,36.45782471,36.80176447,36.45782471,36.80176447,97970
9/1/2016,35.9419136,36.45782822,35.76994207,36.45782822,627938
9/4/2016,36.28585815,36.4578297,35.94191507,35.94191507,102892
9/5/2016,36.80176163,36.97373314,36.45782189,36.45782189,269657
9/6/2016,37.48965073,37.66162226,36.9737394,36.9737394,228337
9/7/2016,38.34950638,38.34950638,37.48965195,37.48965195,474133
9/8/2016,38.17753983,38.52147965,38.17753983,38.3495081,169171
9/11/2016,38.17753983,38.17753983,38.17753983,38.17753983,0
9/12/2016,38.17753983,38.17753983,38.17753983,38.17753983,0
9/18/2016,37.83359146,38.34950276,37.14570864,38.17753451,164547
9/19/2016,38.17753983,38.52147965,37.66162517,38.52147965,340651
9/20/2016,38.86542511,38.86542511,37.83359903,38.52148199,366553
9/21/2016,38.34950638,38.52147792,38.17753812,38.17753812,95553
9/22/2016,38.34950638,38.52147792,38.17753812,38.17753812,95553
9/25/2016,38.34950638,38.86542101,38.34950638,38.86542101,533797
9/26/2016,38.86542511,39.20936495,38.69345355,38.86542511,772575
9/27/2016,37.83359146,38.69344581,37.83359146,38.69344581,556128
9/28/2016,36.80176163,38.0055589,36.80176163,37.83358739,1361946
9/29/2016,36.45782471,37.14570751,36.11388166,36.62979295,850545
10/2/2016,36.45782471,36.80176447,36.28585319,36.62979295,682058
10/3/2016,36.11388397,36.45782704,35.94191244,36.45782704,559768
10/4/2016,36.62979889,36.62979889,35.42600461,36.28585907,1238942
10/5/2016,36.80176163,37.31767615,36.45782189,36.62979012,572877
10/6/2016,37.31768417,37.31768417,36.62979799,36.62979799,225311
10/9/2016,37.83359146,38.34950276,37.48964841,37.83359146,888668
10/10/2016,38.69345093,38.69345093,37.14571355,37.3176851,349615
10/11/2016,38.34950638,38.69344946,38.17753812,38.34950638,210421
10/12/2016,37.83359146,38.17753451,37.83359146,38.00556299,87410
10/13/2016,38.00556183,38.17753335,37.83359031,37.83359031,132465
10/16/2016,38.17753983,38.52147965,38.17753983,38.52147965,199477
10/17/2016,38.34950638,38.86542101,38.17753812,38.17753812,752556
10/18/2016,38.52147675,38.69344828,38.17753695,38.34950521,224908
10/19/2016,38.34950638,38.69344946,38.34950638,38.34950638,368847
10/20/2016,38.69345093,38.86542248,38.17753956,38.34950783,275426
10/23/2016,38.69345093,39.03739403,38.34950783,38.34950783,151121
10/25/2016,39.03739548,39.20936375,38.69345237,38.69345237,236828
10/26/2016,39.20935822,39.38132975,38.6934469,38.6934469,157673
10/27/2016,39.55330276,39.7252743,39.38133123,39.55330276,255296
10/30/2016,40.06921387,40.06921387,39.72527407,39.89724561,731593
10/31/2016,40.24118423,40.41315577,40.0692127,40.0692127,356992
11/1/2016,40.06921387,40.2411854,39.89724561,39.89724561,1090947
11/2/2016,40.06921387,40.2411854,39.89724561,39.89724561,266727
11/3/2016,40.24118423,40.24118423,39.89724445,40.0692127,175363
11/6/2016,40.06921387,40.2411854,39.89724561,40.2411854,150805
11/7/2016,40.24118423,40.24118423,39.89724445,40.0692127,295403
11/8/2016,40.41315842,40.7571015,40.06921533,40.24118687,590467
11/9/2016,40.92906952,41.2730126,40.06921509,40.06921509,519136
11/10/2016,41.78891754,42.30483209,41.10103476,41.10103476,487622
11/13/2016,41.27300644,41.78891771,41.10103492,41.27300644,519873
11/14/2016,41.61695862,41.78892689,40.9290724,41.44498706,590650
11/15/2016,41.44498444,41.96089579,41.27301289,41.61695598,854267
11/16/2016,41.61695862,41.96089845,41.27301551,41.27301551,411105
11/17/2016,41.96089935,42.30484247,41.7889278,41.7889278,201108
11/20/2016,42.47680664,42.47680664,41.96089206,41.96089206,128350
11/21/2016,42.82075119,43.16469428,42.47681138,42.64877964,296377
11/22/2016,42.99272156,43.5086329,42.64877847,42.82075002,57641058
11/23/2016,43.68060303,44.0245461,42.64877709,42.64877709,51640582
11/24/2016,44.54045105,46.60410263,44.02453979,44.02453979,1995053
11/27/2016,45.0563736,45.91622803,44.36848743,44.36848743,1312612
11/28/2016,44.88439941,45.05637095,44.71242788,45.05637095,351566
11/29/2016,45.22833633,45.57227938,44.88439657,44.88439657,1387925
11/30/2016,45.40031433,45.74425742,45.22834278,45.22834278,1263301
12/1/2016,45.5722847,45.91622778,45.5722847,45.91622778,1299565
12/4/2016,46.60411453,46.60411453,45.57228848,45.57228848,809398
12/5/2016,46.43214417,46.77608729,45.91623276,46.2601726,1251995
12/6/2016,46.08819199,46.60410657,46.08819199,46.43213504,813827
12/7/2016,46.08819199,46.26016351,45.91622374,46.26016351,664390
12/8/2016,46.08819199,46.26016351,45.91622374,45.91622374,631313
12/11/2016,46.08819199,46.26016351,45.91622374,46.08819199,529506
12/12/2016,46.26016998,46.43214153,46.08819843,46.26016998,509377
12/13/2016,46.08819199,46.43213504,45.91622374,45.91622374,340991
12/14/2016,46.26016998,46.26016998,46.08819843,46.08819843,582475
12/15/2016,46.43214417,46.43214417,46.08820104,46.08820104,558970
12/18/2016,46.26016998,46.43214153,46.08819843,46.08819843,707773
12/19/2016,46.43214417,46.43214417,46.08820104,46.08820104,528308
12/20/2016,46.43214417,46.60411573,46.2601726,46.2601726,439082
12/21/2016,46.43214417,46.60411573,46.43214417,46.43214417,399701
12/22/2016,46.60411453,46.77608609,46.43214298,46.60411453,510313
12/25/2016,46.77608109,46.94804934,46.60410955,46.77608109,1659195
12/27/2016,46.60411453,46.77608609,46.43214298,46.43214298,274538
12/28/2016,46.60411453,46.77608609,46.43214298,46.60411453,713365
12/29/2016,47.12001801,47.12001801,46.43213518,46.6041067,941035
1/1/2017,47.12001801,47.29198953,46.94804648,47.12001801,250128
1/2/2017,47.29199219,47.46396372,47.12002065,47.12002065,662282
1/3/2017,47.29199219,47.29199219,47.12002065,47.12002065,279011
1/4/2017,47.29199219,47.63593526,47.12002065,47.12002065,91796
1/5/2017,47.63594055,47.63594055,47.29199744,47.29199744,479127
1/8/2017,47.29199219,47.63593526,47.29199219,47.46396372,83845
1/9/2017,47.63594055,47.63594055,47.29199744,47.463969,469291
1/10/2017,47.63594055,47.63594055,47.29199744,47.63594055,91697
1/11/2017,47.46397018,47.63594174,47.46397018,47.63594174,261936
1/12/2017,47.46397018,47.63594174,47.29199862,47.29199862,181666
1/15/2017,47.63594055,47.63594055,47.463969,47.463969,1857831
1/16/2017,47.46397018,47.63594174,47.46397018,47.46397018,446256
1/17/2017,47.63594055,47.63594055,47.463969,47.463969,185545
1/18/2017,47.12001801,47.63593259,47.12001801,47.29198953,1434986
1/19/2017,47.29199219,47.29199219,46.94804911,47.12002065,79597
1/22/2017,46.94804382,47.12001534,46.77607559,46.94804382,802913
1/23/2017,47.12001801,47.29198953,46.6041067,47.12001801,259430
1/24/2017,47.80789948,47.80789948,46.94804514,46.94804514,390606
1/25/2017,47.29199219,47.80790352,47.12002065,47.80790352,578950
1/26/2017,47.97987747,47.97987747,47.29199457,47.46396612,619063
1/29/2017,48.15184784,48.15184784,47.80790476,47.80790476,847231
1/30/2017,47.97987747,48.15184902,47.97987747,48.15184902,409697
1/31/2017,47.97987747,48.15184902,47.80790593,47.97987747,857096
2/1/2017,47.80789948,47.979871,47.46395971,47.46395971,700527
2/2/2017,47.80789948,47.979871,47.63593123,47.80789948,368588
2/5/2017,47.46397018,47.80791002,47.29199862,47.63594174,172542
2/6/2017,47.29199219,47.46396372,47.12002065,47.46396372,79358
2/7/2017,46.77608109,47.12002088,46.60410955,47.12002088,154508
2/8/2017,46.26016998,46.43214153,45.91623016,46.43214153,295767
2/9/2017,46.43214417,46.77608729,46.08820104,46.77608729,49413
2/12/2017,46.77608109,46.77608109,46.43213801,46.43213801,98366
2/13/2017,46.77608109,46.94804934,46.77608109,46.77608109,55148
2/14/2017,46.77608109,46.94804934,46.77608109,46.77608109,489007
2/15/2017,46.77608109,46.94804934,46.77608109,46.77608109,303895
2/16/2017,46.94804382,47.12001534,46.60410407,46.77607559,338325
2/19/2017,46.94804382,47.12001534,46.77607559,46.77607559,69167
2/20/2017,46.94804382,46.94804382,46.77607559,46.77607559,281265
2/21/2017,46.77608109,46.94804934,46.77608109,46.77608109,128222
2/22/2017,46.77608109,46.94804934,46.77608109,46.77608109,233730
2/23/2017,46.94804382,47.12001534,46.77607559,46.94804382,127193
2/26/2017,47.12001801,47.29198953,47.12001801,47.12001801,110271
2/27/2017,47.12001801,47.29198953,47.12001801,47.12001801,120358
2/28/2017,46.94804382,47.29198686,46.94804382,46.94804382,61277
3/1/2017,47.29199219,47.63593526,47.29199219,47.29199219,320991
3/2/2017,47.29199219,47.46396372,47.12002065,47.12002065,198680
3/5/2017,47.46397018,47.46397018,47.12002706,47.12002706,65350
3/6/2017,47.29199219,47.46396372,47.29199219,47.29199219,133740
3/7/2017,47.63594055,47.97988038,47.29199744,47.463969,122805
3/8/2017,48.32381439,48.83972568,47.97987135,48.15184287,2490721
3/9/2017,47.80789948,48.15184252,47.12001667,48.15184252,560363
3/12/2017,47.80789948,47.979871,47.63593123,47.63593123,60726
3/13/2017,48.15184784,48.32381938,47.46396495,47.46396495,145645
3/14/2017,48.15184784,48.32381938,48.15184784,48.32381938,365921
3/15/2017,47.46397018,48.3238247,47.46397018,48.15185314,671966
3/16/2017,47.80789948,48.15184252,47.46395971,48.15184252,213297
3/19/2017,47.80789948,47.979871,47.46395971,47.979871,99533
3/20/2017,47.80789948,47.80789948,47.46395971,47.63593123,302517
3/21/2017,47.46397018,47.97988158,47.29199862,47.97988158,624077
3/22/2017,47.29199219,47.63593526,47.12002065,47.46396372,207678
3/23/2017,47.63594055,47.80790883,47.463969,47.463969,124813
3/26/2017,47.46397018,47.80791002,47.29199862,47.63594174,68186
3/27/2017,47.74274826,48.09123681,47.56850399,48.09123681,116288
3/28/2017,48.26548386,48.43972482,47.742751,47.742751,175790
3/29/2017,48.26548386,48.6139691,48.09123957,48.26548386,301401
3/30/2017,49.13670349,49.48518875,48.43972633,48.43972633,458811
4/3/2017,48.78821564,48.78821564,48.43972705,48.43972705,22312
4/5/2017,48.96245575,49.13670003,48.43972292,48.43972292,115478
4/6/2017,49.3109436,49.3109436,48.78821407,48.96245835,408673
4/9/2017,49.65943527,49.83367957,49.31094668,49.31094668,351532
4/10/2017,50.53065109,50.53065109,49.65943297,49.65943297,937871
4/11/2017,51.22762299,51.40186727,50.00791965,50.00791965,564608
4/12/2017,51.57611084,51.57611084,50.87913704,50.87913704,1225350
4/13/2017,51.57611084,51.57611084,51.40186656,51.57611084,148915
4/16/2017,51.22762299,51.57611155,51.22762299,51.22762299,218923
4/17/2017,51.57611084,51.57611084,51.22762228,51.22762228,76226
4/18/2017,50.7048912,51.22762071,50.7048912,51.22762071,60663
4/19/2017,50.53065109,50.87913967,50.3564068,50.87913967,46168
4/20/2017,50.18216324,50.35640753,49.83367798,50.35640753,122961
4/23/2017,51.05337906,51.92459715,50.18216096,50.18216096,401006
4/24/2017,50.7048912,51.40186498,50.7048912,51.40186498,218693
4/25/2017,50.35640717,50.53065146,50.00792191,50.53065146,148651
4/26/2017,50.53065109,50.87913967,50.3564068,50.87913967,84801
4/27/2017,51.05337906,51.22762334,50.70489381,50.70489381,169953
4/30/2017,51.05337906,51.05337906,50.70489381,50.70489381,33388
5/1/2017,51.22762299,51.40186727,51.22762299,51.22762299,85676
5/3/2017,51.40186691,51.40186691,51.22762263,51.22762263,77607
5/4/2017,51.92459869,51.92459869,51.40186915,51.40186915,134192
5/7/2017,51.57611084,51.92459608,51.40186656,51.40186656,144976
5/8/2017,51.40186691,51.57611119,51.22762263,51.40186691,163568
5/10/2017,51.75035858,52.09884384,51.57611429,51.57611429,139375
5/11/2017,51.75035858,52.27308813,51.75035858,51.92459955,984195
5/14/2017,52.09884644,52.27309074,51.92460214,51.92460214,31221
5/15/2017,52.27308655,52.27308655,51.92459797,51.92459797,267453
5/16/2017,52.6215744,52.6215744,52.09884155,52.09884155,2493142
5/17/2017,53.49279404,53.49279404,52.62157591,52.62157591,557996
5/18/2017,53.84128189,54.01552619,53.66703759,53.66703759,319422
5/21/2017,54.015522,54.015522,53.66703344,54.015522,359806
5/22/2017,54.18976593,54.18976593,54.01552165,54.01552165,178723
5/23/2017,53.84128189,54.18977049,53.31855232,54.01552619,153742
5/24/2017,54.36401367,54.36401367,54.01552508,54.01552508,222851
5/25/2017,54.18976593,54.36401021,54.18976593,54.18976593,135568
5/28/2017,54.18976593,54.53825117,53.84127736,53.84127736,395951
5/29/2017,54.53825378,54.53825378,54.36401282,54.36401282,86405
5/30/2017,56.10644531,57.15190434,54.53825012,54.53825012,429306
5/31/2017,56.62917328,56.80341423,56.10644378,56.28068473,445158
6/1/2017,56.97766495,57.32615352,56.62917638,56.80341734,629242
6/4/2017,56.94281769,57.43069772,56.87311864,57.15190818,106987
6/5/2017,56.03674698,56.45493458,55.40946889,56.45493458,178357
6/6/2017,56.10644531,56.17614435,55.61856199,56.10644531,206991
6/7/2017,56.45493698,56.45493698,55.75795982,55.75795982,31176
6/8/2017,57.29130554,57.50039603,56.73372648,56.73372648,521902
6/11/2017,57.77918625,60.63678066,57.43069767,57.43069767,868295
6/12/2017,57.43069839,57.84888603,57.43069839,57.84888603,230037
6/13/2017,57.36100006,57.50039816,57.15190957,57.50039816,67673
6/14/2017,57.5003891,57.5003891,57.2215996,57.2215996,123733
6/15/2017,57.22160721,57.4306977,57.15190816,57.22160721,239772
6/18/2017,57.77918625,58.6852539,57.29130622,57.29130622,324160
6/19/2017,58.12767029,58.4064598,57.84888077,57.84888077,248758
6/20/2017,57.5003891,57.98826906,57.15190056,57.98826906,135833
6/21/2017,62.72769165,63.21557157,58.19736102,58.19736102,9226753
6/22/2017,66.21257019,68.23379575,60.91556298,61.54284102,5380847
6/25/2017,66.21257019,66.21257019,66.21257019,66.21257019,0
6/26/2017,66.21257019,68.23379575,60.91556298,61.54284102,5380847
6/27/2017,66.21257019,68.23379575,60.91556298,61.54284102,5380847
6/28/2017,66.21257019,68.23379575,60.91556298,61.54284102,5380847
6/29/2017,66.21257019,68.23379575,60.91556298,61.54284102,5380847
7/2/2017,65.79438782,68.51259068,65.79438782,67.18834209,894686
7/3/2017,64.81863403,66.49137135,64.47014543,66.21258179,365157
7/4/2017,61.40345764,64.60954067,60.70648047,64.60954067,360877
7/5/2017,59.80041122,61.33375698,59.24283216,61.19435889,277700
7/6/2017,58.47616577,60.6367831,58.19737622,59.38223346,222932
7/9/2017,57.5003891,58.3367576,57.5003891,57.84887764,163386
7/10/2017,58.68524551,58.89433597,57.77917799,57.84887702,177082
7/11/2017,59.38222885,59.9398079,58.47616123,58.47616123,220770
7/12/2017,59.80041122,60.00950171,59.66101978,59.73071218,144422
7/13/2017,59.59131622,59.93980477,59.52161718,59.93980477,111242
7/16/2017,59.66101074,59.93980023,59.52161267,59.66101074,57490
7/17/2017,58.54584503,59.730702,58.40645361,59.66100962,102532
7/18/2017,57.91858673,58.89434683,57.70948958,58.54585823,174312
7/19/2017,58.75494766,58.75494766,57.50039154,57.91857913,406336
7/20/2017,58.54584503,58.89433355,58.54584503,58.89433355,41181
7/23/2017,58.26707458,58.61556322,57.84889354,58.54586416,55135
7/24/2017,57.5003891,58.26705856,57.5003891,58.26705856,3870583
7/25/2017,56.59432983,57.70948799,56.17614885,57.57009655,400765
7/26/2017,56.31554031,56.59432985,56.10644982,56.45493841,94278
7/27/2017,55.68826294,56.38524012,54.57310476,56.31554108,218880
7/30/2017,54.224617,55.61856466,54.224617,55.61856466,113697
7/31/2017,55.40947723,55.40947723,54.01552942,54.01552942,210981
8/1/2017,54.71250153,55.33977968,54.22462147,55.33977968,398141
8/2/2017,54.78218842,55.13067362,54.36400418,54.71248938,243336
8/3/2017,54.43370819,54.71249773,54.36401247,54.36401247,236913
8/6/2017,54.57310867,54.99129302,54.36401816,54.36401816,54422
8/7/2017,55.68826294,55.75796199,54.50340904,54.50340904,229556
8/8/2017,55.68826294,55.82766103,55.54886817,55.54886817,354823
8/9/2017,55.75795746,56.10644602,55.54886366,55.75795746,603210
8/10/2017,55.27007294,55.68825721,54.99128342,55.68825721,140892
8/13/2017,55.06098938,55.47917371,54.9215946,54.9215946,71068
8/14/2017,54.224617,54.85189179,54.224617,54.57310226,431108
8/15/2017,53.31855011,54.71249779,53.17915534,54.71249779,247252
8/16/2017,53.38825226,53.38825226,53.03976696,53.03976696,144726
8/17/2017,54.71250153,54.78220058,53.38824948,53.38824948,282121
8/20/2017,55.06098938,55.40947466,54.43371123,54.43371123,218856
8/21/2017,55.33977509,55.40947081,55.06098555,55.06098555,176490
8/22/2017,55.47917175,55.75796129,55.33977698,55.33977698,436935
8/23/2017,56.03674698,56.3155365,55.54886365,55.75795746,250542
8/24/2017,56.45493698,56.66402747,56.17614745,56.17614745,398243
8/27/2017,57.29130554,57.50039603,56.80341887,56.94281696,210910
8/28/2017,56.10644531,57.15190434,56.10644531,57.01251291,121697
8/29/2017,57.08221054,57.08221054,56.10645046,56.10645046,95836
8/30/2017,57.08221054,57.08221054,57.08221054,57.08221054,0
8/31/2017,57.08221054,57.08221054,57.08221054,57.08221054,0
9/3/2017,57.08221054,57.08221054,57.08221054,57.08221054,0
9/4/2017,57.08221054,57.08221054,57.08221054,57.08221054,0
9/5/2017,57.08221054,57.08221054,57.08221054,57.08221054,0
9/6/2017,57.08221054,57.08221054,57.08221054,57.08221054,0
9/7/2017,58.26707458,58.33677364,57.29131439,57.29131439,151722
9/10/2017,57.98827362,58.26706314,57.84888218,58.19737075,86572
9/11/2017,57.01251602,58.54585513,56.80341889,58.2670656,211173
9/12/2017,57.01251602,57.36099795,56.80341889,56.80341889,243688
9/13/2017,51.29732132,54.22461459,51.29732132,53.52763747,22987276
9/14/2017,51.50641632,52.13369446,49.83367906,51.22762678,1853541
9/17/2017,52.06399155,52.41248011,51.57611154,52.06399155,566455
9/18/2017,51.57611084,52.27308464,51.5064118,52.27308464,702927
9/19/2017,51.64580917,51.92459871,51.43671869,51.71550822,289632
9/20/2017,51.64580917,51.64580917,51.64580917,51.64580917,0
9/21/2017,51.64580917,51.64580917,51.64580917,51.64580917,0
9/24/2017,51.64580917,51.64580917,51.64580917,51.64580917,0
9/25/2017,48.78821564,50.39125714,48.71851659,50.39125714,827425
9/26/2017,48.78821564,49.34579471,48.64882087,49.13670422,1073908
9/27/2017,48.85791397,49.41549304,48.64882016,48.78821493,731471
9/28/2017,49.6942749,50.53064337,48.92760214,49.20639163,1317461
10/1/2017,49.48519135,49.69428517,49.41549562,49.48519135,526576
10/2/2017,49.48519135,49.83367994,49.2064018,49.83367994,471782
10/3/2017,49.48519135,49.48519135,49.48519135,49.48519135,0
10/4/2017,49.27609634,49.41549111,48.78821302,49.13670158,514947
10/5/2017,49.55488205,49.83367155,48.8579083,49.48518301,598951
10/8/2017,48.64881897,50.0427666,48.57911993,49.48518755,1598776
10/9/2017,48.70109558,50.18216377,47.91699792,49.31094562,871009
10/10/2017,47.74274826,49.04957533,47.22001876,49.04957533,512012
10/11/2017,46.43592453,47.74275169,45.82607119,47.65563121,488847
10/12/2017,48.00411606,48.26548415,46.26167986,46.69728891,559533
10/15/2017,49.5723114,49.92079665,48.78821378,48.78821378,1024915
10/16/2017,50.53065109,50.79201586,49.57231249,49.74655345,1012047
10/17/2017,50.35640717,50.96626052,49.9207981,50.53065146,575612
10/18/2017,49.39806747,50.0950413,49.39806747,50.0950413,414705
10/19/2017,49.65943527,49.74655576,49.22382619,49.65943527,297165
10/22/2017,49.92079926,50.18216404,49.2238254,49.65943448,299541
10/23/2017,48.87533951,50.00792582,48.26548943,49.92080201,529359
10/24/2017,48.96245575,49.48518526,48.6139672,48.96245575,499653
10/25/2017,49.04958344,49.31094823,48.96246295,49.22382774,269951
10/26/2017,48.96245575,49.13670003,48.701091,49.13670003,295445
10/29/2017,48.78821564,48.96245993,48.70109515,48.87533612,266180
10/30/2017,48.52685547,49.13670889,48.43973165,48.96246458,337495
10/31/2017,48.00411606,48.35260463,47.30714224,48.35260463,451766
11/1/2017,47.916996,48.17836077,47.82987552,48.00411648,377920
11/2/2017,47.65563202,48.00411727,47.48138773,47.91699679,272828
11/5/2017,47.74274826,47.82987206,46.17455644,47.04577449,353824
11/6/2017,47.916996,48.09124029,46.95865741,47.916996,742748
11/7/2017,47.74274826,47.82987206,45.21621792,47.74274826,1167570
11/8/2017,47.48138809,47.56850858,46.87153474,47.48138809,542452
11/9/2017,47.916996,48.09124029,47.22002218,47.22002218,448239
11/12/2017,47.82987976,48.00412074,47.30714685,47.82987976,368165
11/13/2017,48.61397171,48.61397171,47.48138879,47.82987738,688313
11/14/2017,48.70109558,49.13670465,48.26548651,48.35260699,426462
11/15/2017,48.09123993,48.70109327,48.09123993,48.43972518,152875
11/16/2017,47.30714035,48.35260269,46.95865512,48.09123794,257285
11/19/2017,47.04577637,47.39426493,46.69728781,47.30714113,165534
11/20/2017,46.00030899,47.04577124,46.00030899,47.04577124,297757
11/21/2017,45.30334091,46.00031472,45.30334091,46.00031472,318795
11/22/2017,45.30334091,45.82607044,45.12909663,45.65182948,561662
11/23/2017,45.65182877,46.08743781,45.47758449,45.47758449,565917
11/26/2017,46.95865631,47.65563012,46.08743822,46.1745587,982843
11/27/2017,47.39426422,48.00411421,47.04577566,47.04577566,556127
11/28/2017,48.61397171,48.61397171,47.48138879,47.48138879,978721
11/29/2017,48.87533951,49.13670763,48.52685422,48.61397471,554126
11/30/2017,48.43972778,49.04958115,48.3526073,48.87533686,360757
12/3/2017,49.04958344,49.39807204,48.78821864,48.78821864,345617
12/4/2017,49.65943527,49.65943527,48.61397281,49.22382619,500867
12/5/2017,49.22382355,49.65943261,48.87533497,49.65943261,319293
12/6/2017,48.35260391,49.13670152,48.35260391,48.96245724,200493
12/7/2017,48.87533951,48.96246332,47.74275652,48.43973041,235906
12/10/2017,48.87533951,49.39807242,48.43973041,49.39807242,297259
12/11/2017,48.1783638,48.70109669,48.1783638,48.70109669,241121
12/12/2017,48.52685547,48.61397596,47.91700205,48.09124636,409342
12/13/2017,48.26548386,48.35260434,48.00411577,48.17836005,184961
12/14/2017,48.1783638,48.26548761,47.82987853,48.1783638,169404
12/17/2017,48.26548386,48.35260434,47.91699529,47.91699529,77509
12/18/2017,48.78821564,48.87533612,48.00411799,48.35260657,580138
12/19/2017,48.43972778,49.04958115,48.178363,49.04958115,321395
12/20/2017,47.916996,48.43972554,47.916996,48.26548458,328164
12/21/2017,47.56850815,48.1783615,47.56850815,48.00411721,300670
12/24/2017,47.22002411,48.09124225,47.04577982,48.09124225,294194
12/25/2017,46.78441238,47.22002143,46.52304762,47.22002143,232461
12/26/2017,46.87153244,47.48138577,46.61016768,46.61016768,250788
12/27/2017,46.87153244,47.1328972,46.78441196,47.1328972,242799
12/28/2017,46.78441238,47.13289763,46.6101681,46.87153286,222440
12/31/2017,46.87153244,47.04577672,46.69728816,46.95865624,176792
1/1/2018,46.78441238,46.87153286,46.52304762,46.6101681,66014
1/2/2018,46.00030899,46.69728271,45.73894426,46.69728271,505128
1/3/2018,46.78441238,46.78441238,45.82607049,45.91319429,264516
1/4/2018,46.61016846,47.30714227,46.17455941,46.78441274,587584
1/7/2018,46.87153244,47.220021,46.34880292,46.78441196,385199
1/8/2018,46.78441238,47.13289763,46.69728858,46.95865667,157196
1/9/2018,46.08744049,46.78441433,45.73895191,46.78441433,541591
1/10/2018,45.82606888,46.26167791,45.65182792,46.00031316,695271
1/11/2018,45.73894882,46.08743738,45.56470454,45.8260693,683461
1/14/2018,45.73894882,46.00031358,45.30333979,45.8260693,624721
1/15/2018,46.17455673,46.43592148,45.65182723,45.82606818,1600965
1/16/2018,46.95865631,47.04577679,46.1745587,46.26167918,917535
1/17/2018,47.13290024,47.22002405,46.61017068,46.69729117,626999
1/18/2018,47.04577637,47.13289685,46.61016733,47.13289685,299692
1/21/2018,46.34880066,46.61016541,45.65182689,46.43592113,540814
1/22/2018,46.43592453,46.6972893,46.17455976,46.17455976,297418
1/23/2018,46.5230484,47.04577794,46.34880411,46.34880411,493476
1/24/2018,46.34880066,46.43592113,46.26167686,46.43592113,156478
1/25/2018,45.91319656,46.43592612,45.91319656,46.17456134,536556
1/28/2018,46.00030899,46.17455325,45.73894426,46.00030899,364426
1/29/2018,46.17455673,46.61016576,45.91319198,45.91319198,403181
1/30/2018,46.5230484,46.61016888,46.08743935,46.17455983,347761
1/31/2018,46.2616806,46.69728966,46.17456012,46.5230487,312000
2/1/2018,46.2616806,46.69728966,46.00031583,46.2616806,689629
2/4/2018,46.00030899,46.26167372,46.00030899,46.17455325,497879
2/5/2018,45.65182877,46.17455829,45.3033402,46.17455829,761671
2/6/2018,44.867733,45.21622158,44.08363537,45.12909777,773828
2/7/2018,44.78061295,45.39046297,44.69348914,45.30334249,225481
2/8/2018,44.17075729,44.78061061,43.90939253,44.69348681,425189
2/11/2018,44.34499741,44.34499741,43.56089988,43.99650888,350311
2/12/2018,44.08363342,44.43212198,43.99651294,44.43212198,388229
2/13/2018,43.99650955,44.25787429,43.73514481,44.17075382,428115
2/14/2018,43.82226944,43.99651372,43.73514896,43.90939324,117953
2/15/2018,44.08363342,44.2578777,43.82226866,43.99651294,420172
2/18/2018,44.78061295,45.1290982,44.17075959,44.25788008,487810
2/19/2018,44.51924133,45.04197416,44.43212086,44.78060941,285765
2/20/2018,44.51924133,45.30333891,44.34500038,44.51924133,526147
2/21/2018,44.17075729,44.51924253,44.08363349,44.43212205,414549
2/22/2018,44.867733,44.867733,43.99651489,44.08363537,371471
2/25/2018,44.34499741,44.69348261,44.25787361,44.51923835,251740
2/26/2018,45.04197693,45.21622122,44.34500311,44.34500311,538122
2/27/2018,44.95485306,45.5647064,44.78061209,45.04197686,543077
2/28/2018,44.867733,45.21622158,44.60636823,44.78061252,305393
3/1/2018,44.43212509,44.86773416,44.2578808,44.69348987,261067
3/4/2018,44.17075729,44.51924253,43.90939253,44.34500157,178810
3/5/2018,44.17075729,44.34500157,44.08363349,44.17075729,117169
3/6/2018,44.08363342,44.2578777,43.82226866,44.08363342,757469
3/7/2018,44.08363342,44.2578777,43.90939247,44.08363342,238523
3/8/2018,44.17075729,44.43212205,43.99651301,44.17075729,323579
3/11/2018,44.867733,45.39046254,44.25787966,44.43212394,1033142
3/12/2018,47.22002411,47.30714459,44.86773445,44.86773445,3366705
3/13/2018,47.74274826,47.82987206,47.04577449,47.30713924,1285382
3/14/2018,48.1783638,48.43972858,47.48138993,47.74275472,1323392
3/15/2018,48.26548386,48.6139691,48.17836005,48.17836005,653019
3/18/2018,47.30714035,48.61396745,47.0457756,48.00411414,327149
3/19/2018,46.87153244,47.39426529,46.4359234,47.04577672,525803
3/20/2018,46.95865631,47.13289727,45.91319394,46.95865631,951345
3/21/2018,46.95865631,46.95865631,46.95865631,46.95865631,0
3/22/2018,47.39426422,47.4813847,46.95865519,47.04577566,842171
3/25/2018,47.65563202,47.82987631,47.04577867,47.04577867,310152
3/26/2018,47.82987976,48.17836504,47.56851165,47.91700025,701611
3/27/2018,48.70109558,48.70109558,47.82987744,47.82987744,604877
3/28/2018,48.78821564,48.78821564,48.35260657,48.78821564,479585
3/29/2018,48.09123993,49.2238228,48.09123993,48.78821375,609765
4/1/2018,47.22002411,48.17836274,47.1329003,48.17836274,345149
4/2/2018,47.22002411,47.22002411,46.78441504,47.1329003,171435
4/3/2018,47.56850815,47.65563195,47.0457786,47.13289909,379958
4/4/2018,47.916996,48.26548458,47.56850743,47.56850743,595422
4/5/2018,47.916996,48.35260506,47.82987552,47.916996,782246
4/8/2018,49.65943527,50.35640914,48.09124324,48.17836373,1606346
4/9/2018,50.095047,50.96626521,50.095047,50.2692913,1287741
4/10/2018,50.49227142,50.75709035,49.9626302,50.75709035,425687
4/11/2018,50.31572342,50.58054234,48.02062159,50.13917635,636623
4/12/2018,49.60953522,50.13917303,49.07989404,49.43298816,472308
4/15/2018,50.31572342,50.49227049,49.16817251,49.16817251,430740
4/16/2018,51.11018372,51.19845557,50.22745172,50.31572358,554622
4/17/2018,51.28672791,51.81636913,51.19845605,51.28672791,946771
4/18/2018,51.11018372,51.37500264,50.66881772,51.19845557,359110
4/19/2018,51.99291992,52.08119178,51.19845972,51.19845972,944956
4/22/2018,52.34600449,52.78737047,51.81636666,52.08118557,892729
4/23/2018,53.14046478,53.31701185,52.6990988,52.78737065,820477
4/24/2018,51.63982391,53.14046904,51.11018604,53.14046904,642840
4/25/2018,51.11018372,51.63982156,50.75708957,51.63982156,285571
4/26/2018,52.34600449,52.34600449,50.9336347,50.9336347,459712
4/29/2018,52.61082458,52.78737165,52.1694586,52.34600566,330673
4/30/2018,52.96391678,53.3170109,52.25773189,52.34600374,503715
5/1/2018,52.52255249,53.14046555,51.81636758,53.14046555,532968
5/2/2018,52.08119202,52.87565222,52.08119202,52.52255805,377332
5/3/2018,52.61082458,52.61082458,51.11018292,52.34600566,473279
5/6/2018,52.96391678,53.14046384,52.61082265,52.87564493,529980
5/7/2018,53.31701279,53.58183171,52.96391865,52.96391865,574893
5/8/2018,52.96391678,53.22873569,51.99291298,53.22873569,367742
5/9/2018,52.16946411,53.22874327,52.08119225,52.96392432,421952
5/10/2018,52.87564468,52.96391653,51.19845265,52.08118459,435316
5/13/2018,53.67010117,53.67010117,52.96391629,52.96391629,290682
5/14/2018,54.55283737,54.8176563,53.31701458,53.67010536,926066
5/15/2018,54.28801727,55.43556818,54.19974542,54.5528362,786155
5/16/2018,53.84664917,54.64110928,53.40528319,54.11146808,141682
5/17/2018,53.84664917,53.93492102,53.49355504,53.58183026,240014
5/20/2018,53.22874069,54.19974794,53.14046884,54.11147272,257534
5/21/2018,53.40528107,53.40528107,52.96391511,53.05218695,209810
5/22/2018,53.40528107,53.49355291,52.96391511,52.96391511,147540
5/23/2018,52.78736877,53.4052818,52.43427802,53.31700995,200940
5/24/2018,52.87564468,52.87564468,51.72809047,52.52255056,299532
5/27/2018,53.05218506,53.22873211,52.08118133,53.22873211,217306
5/28/2018,52.96391678,53.05218863,52.25773189,53.05218863,105946
5/29/2018,52.16946411,52.96392432,52.08119225,52.78737724,225452
5/30/2018,51.90464783,52.08119492,51.19846281,52.08119492,431283
5/31/2018,46.78479385,52.16945746,46.78479385,52.16945746,1297124
6/3/2018,50.75709152,51.37500461,49.43299348,49.43299348,1430240
6/4/2018,53.05218506,53.8466451,50.7570835,50.7570835,961363
6/5/2018,54.72938538,54.72938538,52.52255532,53.05219319,822679
6/6/2018,54.72938538,54.72938538,53.84665335,54.5528383,831253
6/7/2018,53.75837708,54.64110902,53.3170111,54.37628675,516914
6/10/2018,52.78736877,53.22873474,52.16945575,53.22873474,329632
6/11/2018,51.72809601,52.52255619,51.55155229,52.52255619,273786
6/12/2018,51.375,51.63981891,51.11018109,51.46327185,320986
6/13/2018,51.375,51.375,51.375,51.375,0
6/14/2018,51.375,51.375,51.375,51.375,0
6/17/2018,51.375,51.375,51.375,51.375,0
6/18/2018,51.375,51.375,51.375,51.375,0
6/19/2018,51.375,51.375,51.375,51.375,0
6/20/2018,51.90464783,52.96392704,51.28673467,52.96392704,217512
6/21/2018,51.55155182,52.5225557,51.19845766,52.5225557,347341
6/24/2018,52.69910049,52.69910049,51.55154958,51.8163685,319050
6/25/2018,52.43428421,52.69910315,51.72809589,52.69910315,314132
6/26/2018,51.72809601,52.08119017,51.63982415,51.90464309,129989
6/27/2018,53.22874069,53.67010671,51.99291787,52.08118973,331027
6/28/2018,53.31701279,53.40528464,52.78737158,53.22873757,176817
7/1/2018,52.96391678,53.3170109,52.96391678,52.96391678,118889
7/2/2018,53.31701279,55.17074859,52.96391865,53.84665063,1076563
7/3/2018,52.43428421,53.31701624,52.34600899,53.22874102,411873
7/4/2018,51.63982391,52.16946179,51.1984579,52.16946179,455143
7/5/2018,50.93364334,51.3750094,50.49227729,51.3750094,470453
7/8/2018,51.63982391,51.81637099,49.87435985,50.75709188,570933
7/9/2018,51.90464783,52.25774202,51.63982887,51.63982887,314627
7/10/2018,51.55155182,52.34600862,51.37500474,52.25773677,269048
7/11/2018,51.19845963,51.99291983,50.75709359,51.5515538,322156
7/12/2018,51.02190781,51.37500195,50.84536074,51.28672673,205757
7/15/2018,51.375,51.63981891,51.02190587,51.02190587,163608
7/16/2018,51.11018372,51.37500264,50.66881772,51.19845557,355652
7/17/2018,50.84536362,51.37500486,50.49227283,50.75709176,279286
7/18/2018,50.05090332,50.84536007,49.69780919,50.84536007,230155
7/19/2018,48.46198654,49.9626282,48.37371132,49.9626282,358417
7/22/2018,48.55025482,49.16816783,48.37370777,48.55025482,325806
7/23/2018,47.93234253,48.55025555,47.49097657,48.55025555,321408
7/24/2018,47.04961014,47.8440702,46.78479124,47.66752315,287265
7/25/2018,47.04961014,47.22615719,45.90205933,46.78479124,984395
7/26/2018,47.22616196,47.22616196,46.6965241,47.1378901,555929
7/29/2018,47.49097824,48.10889128,46.69652151,48.10889128,280617
7/30/2018,47.66752243,47.93234133,47.22615648,47.49097538,321919
7/31/2018,46.87306976,47.66752994,46.69652605,47.66752994,363611
8/1/2018,47.75579453,47.75579453,47.04960968,47.13788489,268706
8/2/2018,48.10889435,48.1971662,47.49098127,47.66752834,248552
8/5/2018,48.55025482,48.81507372,47.75579476,47.75579476,153524
8/6/2018,49.16817093,49.52126169,48.55025788,48.55025788,226082
8/7/2018,49.25644684,49.52126578,49.07989976,49.07989976,136230
8/8/2018,48.99162292,49.25644183,48.72680401,49.25644183,142197
8/9/2018,49.16817093,49.52126169,49.07989571,49.07989571,200293
8/12/2018,48.28543472,48.81507251,48.10888767,48.81507251,137152
8/13/2018,46.78479385,48.46198592,46.43169972,48.02061994,505917
8/14/2018,47.31443024,47.66752436,46.69652058,46.96133948,384671
8/15/2018,46.51997375,47.22615863,46.34342669,47.22615863,302060
8/16/2018,46.69652176,46.78479361,45.9903335,46.78479361,457485
8/19/2018,46.69652176,46.78479361,45.9903335,46.78479361,457485
8/20/2018,46.69652176,46.69652176,46.69652176,46.69652176,0
8/21/2018,46.69652176,46.69652176,46.69652176,46.69652176,0
8/22/2018,46.69652176,46.69652176,46.69652176,46.69652176,0
8/23/2018,46.69652176,46.69652176,46.69652176,46.69652176,0
8/26/2018,46.69652176,47.04961252,46.69652176,46.78479361,246229
8/27/2018,46.69652176,46.69652176,46.43169948,46.69652176,122706
8/28/2018,46.69652176,46.78479361,46.25515578,46.43169948,167059
8/29/2018,46.78479385,47.04961277,46.43169972,46.60824679,296225
8/30/2018,46.78479385,46.78479385,46.16688081,46.78479385,189418
9/2/2018,46.51997375,46.78479266,46.25515485,46.78479266,129070
9/3/2018,46.07861328,46.60825116,45.9020662,46.5199793,354848
9/4/2018,46.16688156,46.34342863,45.90206264,45.90206264,149630
9/5/2018,45.46070099,46.34343305,45.19588204,46.16688596,634719
9/6/2018,45.72551727,45.72551727,44.48969448,45.28415127,398611
9/9/2018,46.34342957,46.34342957,45.37242572,45.37242572,102996
9/10/2018,46.51997375,46.69652082,46.07860779,46.16687963,122638
9/11/2018,46.07861328,46.43170408,45.63724726,46.43170408,208498
9/12/2018,45.01932907,46.51997405,45.01932907,46.34342698,260450
9/13/2018,44.66623688,45.28414994,44.48969318,45.28414994,279922
9/16/2018,43.38628006,44.84278587,43.34214077,44.84278587,157242
9/17/2018,43.25387192,43.82764912,42.81250588,43.51869087,357480
9/18/2018,42.5476799,43.34213662,42.28286099,43.25386477,592230
9/19/2018,42.45940399,42.5476792,41.84149434,42.5476792,382790
9/20/2018,42.23872375,42.76836496,41.66494999,42.72422904,497005
9/23/2018,42.23872375,42.23872375,42.23872375,42.23872375,0
9/24/2018,42.23872375,42.76836496,41.66494999,42.72422904,497005
9/25/2018,43.43041611,43.60696318,42.28286515,42.37113701,526295
9/26/2018,42.90077209,43.69523221,42.7242284,43.69523221,254000
9/27/2018,42.85663223,43.25386225,42.54767742,42.90076815,158819
9/30/2018,44.0483284,44.0483284,42.9007741,42.9007741,276431
10/1/2018,43.5186882,44.40142023,43.47455227,44.04832944,453414
10/2/2018,43.25387192,43.51869087,42.85664181,43.47455494,212779
10/3/2018,42.59181595,43.38627604,42.28286112,43.2538649,261889
10/4/2018,42.41527557,42.76836975,42.15045662,42.76836975,325893
10/7/2018,41.31185532,42.76836441,41.13530825,42.76836441,484512
10/8/2018,40.12016678,41.13530647,39.45811783,41.13530647,743874
10/9/2018,40.42912292,40.51739814,40.03189287,40.42912292,428653
10/10/2018,40.16429901,40.5173931,39.89948013,40.5173931,345635
10/11/2018,39.72294235,39.81121421,38.8402103,39.81121421,476877
10/15/2018,39.63466644,39.98775721,36.01546338,36.01546338,1238045
10/16/2018,39.72294235,41.13531229,36.63338017,39.28157633,1409490
10/17/2018,41.26771927,41.92976824,39.50225534,39.54639127,586744
10/18/2018,40.60567093,41.92976889,40.60567093,41.48840291,523605
10/21/2018,41.26771927,41.31185519,39.45811942,40.6056703,583626
10/22/2018,42.3711319,42.3711319,39.89948321,40.69393991,668337
10/23/2018,40.69394302,42.15045214,40.6498071,41.48840315,706305
10/24/2018,40.20843887,41.22358194,40.20843887,40.78221598,254023
10/25/2018,43.60696411,43.60696411,40.25257967,40.25257967,1232107
10/28/2018,43.25387192,43.69523796,42.37113984,43.6069661,195724
10/29/2018,42.63594818,43.51868004,42.63594818,43.25386116,220889
10/30/2018,43.16559601,43.65109793,42.63595479,42.72423001,204790
10/31/2018,43.5186882,43.60696342,43.25386927,43.56282413,181394
11/1/2018,43.25387192,43.43041901,42.85664181,43.43041901,128583
11/4/2018,43.16559601,43.25386786,42.98904894,43.25386786,48779
11/5/2018,41.92976379,43.16558976,41.92976379,43.12145047,129924
11/6/2018,42.0180397,42.50354497,41.75322079,42.10631492,155216
11/7/2018,42.06217957,42.32699848,41.92976842,42.15045142,34695
11/8/2018,41.40012741,41.9297652,41.40012741,41.75321815,110112
11/11/2018,41.48839951,41.84149361,41.40012766,41.40012766,61403
11/12/2018,41.88563538,41.9297713,41.31185821,41.31185821,250820
11/13/2018,41.92976379,42.10631084,41.31185081,41.48839786,179502
11/14/2018,40.95876312,41.57667278,40.78221606,41.57667278,235704
11/15/2018,40.87049103,41.40013225,40.1643061,40.8263551,256570
11/18/2018,39.72294235,40.87049335,39.72294235,40.82635742,124248
11/19/2018,40.87049103,40.87049103,39.63466825,39.81121195,377330
11/20/2018,40.87049103,41.0470381,40.56153617,40.64980803,110804
11/21/2018,40.87049103,40.95876625,40.34085317,40.95876625,121215
11/22/2018,41.40012741,41.40012741,40.82635033,40.91462217,135033
11/25/2018,41.17944717,41.35599087,40.78221712,41.31185495,112288
11/26/2018,41.62081146,41.62081146,41.22358142,41.22358142,191849
11/27/2018,42.3711319,42.3711319,41.31185293,41.62081112,130126
11/28/2018,42.63594818,42.81249523,42.3711293,42.3711293,167839
11/29/2018,43.16559601,43.16559601,42.37113586,42.63595479,118387
12/2/2018,43.56282425,43.78350726,43.16559753,43.16559753,148111
12/3/2018,44.93106079,45.01933265,43.60696277,43.60696277,404830
12/4/2018,45.63724518,45.63724518,44.48969425,44.48969425,237140
12/5/2018,45.19588089,46.16688478,45.19588089,45.63724691,472789
12/6/2018,45.54896927,45.54896927,44.84278435,44.93105957,204880
12/9/2018,45.10760498,45.81379329,44.93106127,45.72551807,75356
12/10/2018,44.93106079,45.46069865,44.04832878,45.01933265,239969
12/11/2018,44.40142059,45.19588077,44.0483298,45.01933369,247765
12/12/2018,44.8427887,44.8427887,44.13660371,44.40142266,172834
12/13/2018,44.66623688,44.84278395,44.40141796,44.40141796,100824
12/16/2018,45.01932907,45.01932907,44.40141604,44.40141604,75660
12/17/2018,45.54896927,45.81379156,44.7545125,44.7545125,322323
12/18/2018,45.19588089,46.07861293,45.19588089,45.54897168,241199
12/19/2018,44.13660431,45.37243058,44.09246838,45.28415535,284796
12/20/2018,42.8125,44.66623577,42.72422815,44.13659794,264986
12/23/2018,41.57667542,42.37113555,41.22358464,42.32699963,399044
12/24/2018,42.19458771,42.32699885,41.7090858,41.75322172,139361
12/25/2018,41.92976379,42.19458268,41.70908083,41.92976379,95704
12/26/2018,42.0180397,42.06217899,41.84149601,41.92976785,47008
12/27/2018,42.19458771,42.72422891,42.01804064,42.37113478,132044
12/30/2018,42.3711319,42.3711319,42.106313,42.23872076,36559
12/31/2018,42.3711319,42.45940374,41.57667183,42.3711319,249466
1/1/2019,42.3711319,42.41526782,42.01803778,42.3711319,46217
1/2/2019,42.5476799,42.72422696,42.01803872,42.01803872,83512
1/3/2019,42.8125,42.85663592,42.37113402,42.37113402,126672
1/6/2019,44.93106079,45.3724268,42.94491376,42.94491376,812090
1/7/2019,45.63724518,45.99033596,44.66623796,44.93106025,755352
1/8/2019,44.4896965,45.90206643,44.31314942,45.54897226,345514
1/9/2019,45.54896927,45.99033526,44.66623728,44.66623728,694943
1/10/2019,46.51997375,46.6082456,45.5489666,45.63724182,801431
1/13/2019,47.31443024,47.93234326,46.51997352,46.51997352,616279
1/14/2019,48.72680664,48.81507849,47.40270865,47.4909805,912500
1/15/2019,49.43299484,50.31572689,48.55026279,48.72680988,712818
1/16/2019,49.87435913,50.13917806,49.6095402,49.69781205,912363
1/17/2019,49.43299484,49.87436087,49.1681759,49.78608901,239703
1/20/2019,46.43169785,48.55025581,46.43169785,48.55025581,968812
1/21/2019,47.57925415,47.93234492,45.90206207,46.51997512,542352
1/22/2019,47.66752243,48.02061654,47.13788464,47.31442832,281713
1/23/2019,49.34471893,49.34471893,47.93234575,48.02062097,452147
1/24/2019,48.55025482,49.69780563,48.55025482,49.34471488,410607
1/27/2019,49.25644684,49.52126578,48.3737148,48.55026188,231055
1/28/2019,49.43299484,49.43299484,48.02062491,49.25644776,360389
1/29/2019,48.99162292,49.4329889,48.90335108,49.4329889,229489
1/30/2019,48.90335464,49.16817357,48.90335464,49.16817357,93446
1/31/2019,47.66752243,49.43298622,47.66752243,48.99162028,349489
2/3/2019,48.55025482,48.55025482,47.75579476,47.75579476,89823
2/4/2019,48.10889435,48.99162635,48.10889435,48.55026035,201275
2/5/2019,48.90335464,49.16817357,48.63853235,49.07989835,253968
2/6/2019,48.81507874,49.34471995,48.55025981,48.99162581,205404
2/7/2019,48.46198654,49.16817144,47.93234534,48.81507731,250293
2/10/2019,47.57925415,48.99162394,47.49097893,48.55025796,236076
2/11/2019,47.40270615,47.93234397,46.96134017,47.84407212,295103
2/12/2019,48.02061844,48.02061844,47.57925247,47.57925247,276324
2/13/2019,48.63853073,48.99162487,48.02062104,48.02062104,298105
2/14/2019,48.90335464,48.90335464,48.10889449,48.72680757,211907
2/17/2019,48.81507874,49.07989766,48.72680688,48.72680688,180270
2/18/2019,48.72680664,48.99162556,48.55025957,48.81507849,211638
2/19/2019,48.10889435,48.81507928,47.84407542,48.55026035,307187
2/20/2019,48.99162292,48.99162292,47.93234392,47.93234392,310776
2/21/2019,48.81507874,49.07989766,48.55025981,48.90335396,140226
2/24/2019,48.81507874,48.90335396,48.28544088,48.81507874,139573
2/25/2019,48.37371063,48.63852955,48.10889172,48.63852955,84949
2/26/2019,48.55025482,48.55025482,48.02061703,48.37370777,149464
2/27/2019,48.02061844,48.4619844,47.75579617,48.4619844,169009
2/28/2019,47.57925415,48.02062013,47.31443187,47.93234492,276925
3/3/2019,47.49097824,47.6675253,47.40270639,47.57925346,375216
3/4/2019,48.46198654,48.46198654,47.4027075,47.75579827,388458
3/5/2019,47.49097824,48.37371019,47.40270639,48.10889128,333411
3/6/2019,46.96134186,47.66752677,46.60824772,47.66752677,492923
3/7/2019,47.31443024,47.4909773,46.78479242,47.13788654,649875
3/10/2019,46.69652176,47.13788774,46.34342763,47.13788774,587827
3/11/2019,46.16688156,46.96134168,46.16688156,46.96134168,333406
3/12/2019,46.69652176,46.78479361,46.34342763,46.43169948,360825
3/13/2019,47.13788986,47.22616171,46.87306757,47.13788986,489411
3/14/2019,47.57925415,48.28543905,47.40270708,47.49097893,1762989
3/17/2019,47.66752243,47.93234133,47.40270353,47.57925059,709630
3/18/2019,48.55025482,48.55025482,47.22615696,47.66752292,731918
3/19/2019,48.72680664,48.99162556,48.19716542,48.19716542,438709
3/20/2019,47.93234253,48.7268026,47.93234253,48.7268026,220891
3/21/2019,48.55025482,48.72680188,47.93234181,47.93234181,460490
3/24/2019,48.46198654,48.72680546,48.28543947,48.28543947,181945
3/25/2019,48.55025482,48.55025482,47.75579476,48.28543592,166184
3/26/2019,48.37371063,48.63852955,47.75579759,48.5502577,207162
3/27/2019,48.55025482,48.63852667,48.02061703,48.02061703,198844
3/28/2019,48.63853073,48.63853073,48.28543996,48.46198703,247717
3/31/2019,48.63853073,48.63853073,48.63853073,48.63853073,0
4/1/2019,48.72680664,48.81507849,48.3737125,48.55025957,681829
4/2/2019,48.55025482,48.72680188,48.19716071,48.55025482,330996
4/3/2019,48.55025482,48.55025482,48.28543592,48.55025482,316715
4/4/2019,49.60953522,49.87435412,48.46198438,48.63852807,723377
4/7/2019,49.34471893,49.78608492,49.07989665,49.43299078,259415
4/8/2019,51.72008514,51.72008514,49.38954202,49.74808817,900004
4/9/2019,52.25789642,52.43716948,51.27189973,51.72008067,675900
4/10/2019,52.07862091,52.34753219,51.72007823,51.9889861,419766
4/11/2019,52.61643982,52.79571287,51.98898586,51.98898586,367081
4/14/2019,52.52680206,52.52680206,51.89935152,51.89935152,233674
4/15/2019,52.25789642,52.61644254,51.98898855,52.43716948,411613
4/16/2019,51.98899078,52.34753692,51.36153676,52.34753692,518118
4/17/2019,52.07862091,52.16825915,51.36153213,51.72007823,449173
4/18/2019,51.89935303,52.07862266,51.54080692,51.98898785,189148
4/21/2019,51.98899078,52.16826385,51.36153676,51.36153676,251651
4/22/2019,52.43716812,52.61644117,51.72007933,52.16826025,620663
4/23/2019,53.78170776,54.05061562,52.43716507,52.43716507,1158978
4/24/2019,53.51280212,53.78170999,52.79571334,53.60243694,626187
4/25/2019,53.78170776,53.78170776,52.97498078,53.06461901,450421
4/28/2019,54.22988892,54.22988892,53.2438923,53.78170802,433284
4/29/2019,54.14025879,54.22989361,53.60243961,54.22989361,510479
4/30/2019,53.87134171,54.67806868,53.06461815,53.96097994,3701019
5/1/2019,53.78170776,53.78170776,53.15425382,53.78170776,302759
5/2/2019,53.15425491,54.05061673,52.88534705,53.42316277,409372
5/5/2019,53.06462479,53.15425961,51.89935501,53.15425961,242183
5/6/2019,53.24389648,53.24389648,50.73408051,52.34753461,623759
5/7/2019,52.34753036,53.24389216,51.54080338,53.24389216,577861
5/8/2019,51.98899078,52.25789867,51.80971772,52.25789867,661215
5/9/2019,52.43716812,52.43716812,51.36153322,51.9889872,872815
5/12/2019,50.73408127,51.98898927,50.55481163,51.63044315,267438
5/13/2019,49.29990005,50.46516974,48.85171915,50.28589669,893679
5/14/2019,49.12062836,49.65844751,47.0589968,47.95535864,1285157
5/15/2019,49.21026611,50.19626276,49.12062788,49.21026611,1402597
5/16/2019,51.09262466,51.54080558,49.29990099,49.38953581,653305
5/19/2019,50.19626617,51.8097169,49.47917734,51.09262807,305129
5/20/2019,49.21026611,50.55480887,47.95535818,50.19626276,1040540
5/21/2019,49.29990005,49.74808096,48.85171915,49.29990005,616278
5/22/2019,49.29990005,50.19626187,49.29990005,49.29990005,1051709
5/23/2019,48.40353394,49.83771135,47.95535307,49.56880351,1178265
5/26/2019,46.96936035,48.85171879,45.71445245,48.40353788,433563
5/27/2019,46.61081696,47.32790576,44.54918535,47.05899789,1275383
5/28/2019,46.07299805,47.59681038,45.17663624,46.61081376,10520270
5/29/2019,45.71445084,46.52117781,45.26626995,46.16263173,874267
5/30/2019,45.71445084,46.16263173,45.26626995,45.71445084,513911
6/2/2019,45.71445084,46.16263173,45.26626995,45.71445084,513911
6/3/2019,45.71445084,46.16263173,45.26626995,45.71445084,513911
6/4/2019,45.71445084,45.71445084,45.71445084,45.71445084,0
6/5/2019,45.71445084,45.71445084,45.71445084,45.71445084,0
6/6/2019,45.71445084,45.71445084,45.71445084,45.71445084,0
6/9/2019,46.96936035,46.96936035,46.07299854,46.16263335,353674
6/10/2019,49.83771515,50.64444214,46.9693601,47.05899491,1820621
6/11/2019,50.01699066,50.37553677,48.85172094,49.74808279,858794
6/12/2019,50.2858963,50.2858963,49.65844577,50.19626149,565334
6/13/2019,48.49317169,49.83771438,48.49317169,49.74807957,554131
6/16/2019,48.04499054,49.2102636,47.86572092,48.40353662,370256
6/17/2019,48.85172272,48.94135754,48.13463389,48.13463389,708741
6/18/2019,49.21026611,49.38953574,48.67244696,49.12062788,755391
6/19/2019,48.67244339,49.29989731,48.58280858,49.2102625,1095045
6/20/2019,47.86572647,48.49317706,47.50718035,48.40354224,1225337
6/23/2019,47.14862823,48.13462824,47.14862823,47.59680912,341741
6/24/2019,46.16263962,47.50718252,46.07300479,47.32790945,819817
6/25/2019,46.8797226,47.23826869,46.25226864,46.79008778,1153903
6/26/2019,47.50717545,47.95535635,46.79008669,46.79008669,1261999
6/27/2019,47.23826599,47.95535472,47.23826599,47.3279008,267173
6/30/2019,47.95536041,48.13463347,47.41754465,47.95536041,272487
7/1/2019,47.77608109,48.22426196,47.41753843,48.22426196,200783
7/2/2019,47.86572647,47.95536129,47.50718035,47.77608823,197078
7/3/2019,47.86572647,47.86572647,47.50718035,47.77608823,109553
7/4/2019,47.4175415,47.86572241,47.32790327,47.68644937,300128
7/7/2019,46.25226974,47.50717769,46.16263493,47.50717769,873079
7/8/2019,46.43154144,46.79008754,46.07299877,46.2522684,407338
7/9/2019,46.16263962,46.70045541,45.98336655,46.43154751,493674
7/10/2019,46.61081696,46.61081696,46.25227084,46.34190908,324515
7/11/2019,46.96936035,47.05899517,46.52117945,46.61081426,657235
7/14/2019,46.61081696,47.32790576,46.52118214,46.79009001,311197
7/15/2019,46.61081696,46.70045177,46.25227084,46.61081696,486099
7/16/2019,47.05899811,47.23827117,46.70045199,46.70045199,835511
7/17/2019,47.4175415,47.59681113,47.14863022,47.23826846,830905
7/18/2019,46.79009247,47.41754649,46.79009247,47.23827342,673627
7/21/2019,46.61081696,46.61081696,46.16263602,46.61081696,291782
7/22/2019,46.16263962,46.79009366,46.16263962,46.43154751,364524
7/23/2019,45.71445084,46.25226654,45.71445084,46.16263173,271500
7/24/2019,45.4455452,45.98336092,45.4455452,45.71445306,423554
7/25/2019,44.9077301,45.71445719,44.9077301,45.53518412,1277539
7/28/2019,45.4455452,45.53518001,44.81809124,44.99736428,411366
7/29/2019,44.63881683,45.53517863,44.59399943,45.44554382,555560
7/30/2019,44.81809616,45.08700405,44.6836405,44.81809616,361626
7/31/2019,45.35590744,45.80408836,44.90772652,44.90772652,521917
8/1/2019,45.17663956,45.53518225,44.90772826,45.53518225,320820
8/4/2019,44.99736786,45.08700268,44.63882173,44.99736786,207690
8/5/2019,44.36991119,44.90772693,44.36991119,44.81809211,534448
8/6/2019,44.05618668,44.59400242,44.05618668,44.36991196,321625
8/7/2019,44.99736786,44.99736786,44.05618855,44.05618855,556315
8/8/2019,46.52118683,46.52118683,44.63882467,44.81809775,867098
8/11/2019,46.52118683,46.52118683,46.52118683,46.52118683,0
8/12/2019,46.52118683,46.52118683,46.52118683,46.52118683,0
8/13/2019,46.52118683,46.52118683,46.52118683,46.52118683,0
8/14/2019,46.52118683,46.52118683,46.52118683,46.52118683,0
8/15/2019,46.52118683,46.52118683,46.52118683,46.52118683,0
8/18/2019,46.3419075,46.70045018,46.16263445,46.3419075,272928
8/19/2019,45.89373016,46.70045383,45.89373016,46.52118418,389110
8/20/2019,46.52118683,46.61082166,46.16264068,46.16264068,350756
8/21/2019,45.62482071,46.6108174,45.62482071,46.6108174,454225
8/22/2019,45.80408859,46.25226951,44.81809194,45.89372683,2219923
8/25/2019,44.63881683,45.71445167,44.63881683,45.71445167,387944
8/26/2019,45.71445084,45.71445084,44.5491812,44.63881601,916141
8/27/2019,46.3419075,46.61081537,44.59400124,45.89372658,12144984
8/28/2019,45.4455452,46.34190702,45.0869991,46.07299916,899508
8/29/2019,44.41473007,45.71445547,44.36991266,45.71445547,1171060
9/1/2019,44.10100174,44.63881746,43.38391298,44.45954441,434203
9/2/2019,44.0113678,44.19064086,43.60800768,44.19064086,576429
9/3/2019,43.65282059,44.05618408,43.60800318,44.05618408,402893
9/4/2019,43.92173386,44.05618951,43.60800855,43.69764338,728940
9/5/2019,43.92173386,44.19064175,43.69764338,44.10100692,774088
9/8/2019,43.33909607,44.01136749,43.33909607,43.92173267,535366
9/9/2019,43.47354889,43.47354889,42.89091233,43.29427584,401093
9/10/2019,43.56318283,43.56318283,43.11500192,43.42873061,721742
9/11/2019,43.74245834,43.74245834,43.11500435,43.42873306,360622
9/12/2019,44.05618668,44.28027714,43.24945964,43.65282316,494120
9/15/2019,44.45954895,44.5940046,43.6976427,43.74246011,463213
9/16/2019,45.53518295,45.53518295,44.4147306,44.63882107,965630
9/17/2019,45.98335648,45.98335648,45.08699474,45.08699474,586168
9/18/2019,45.26627731,46.16263924,45.26627731,46.16263924,295399
9/19/2019,45.71445084,45.71445084,44.36990816,44.90772387,2805191
9/22/2019,45.62482071,45.89372859,45.26627459,45.35590941,171203
9/24/2019,45.53518295,45.89372907,45.35590989,45.35590989,397584
9/25/2019,45.53518295,45.53518295,44.90772895,45.35590989,377066
9/26/2019,44.63881683,45.53517863,44.63881683,45.53517863,344114
9/29/2019,44.81809616,44.81809616,44.50437086,44.72846134,89172
9/30/2019,44.59400558,44.90773089,44.59400558,44.72846124,887103
10/1/2019,44.05618668,44.72845807,44.05618668,44.72845807,557907
10/2/2019,44.41473007,44.72845878,43.56318561,43.92173173,421555
10/3/2019,43.74245834,44.10100446,43.74245834,44.05618705,356536
10/6/2019,43.83209229,44.59399843,43.83209229,44.28027317,402209
10/7/2019,43.02536774,44.05618521,43.02536774,43.92172956,717990
10/8/2019,42.62200165,43.15982076,41.99454772,43.02536513,709819
10/9/2019,41.9945488,43.15982187,41.94973139,42.93573142,510002
10/10/2019,42.21864319,42.21864319,41.86010049,42.21864319,480080
10/13/2019,41.77045822,42.0841869,41.27745992,41.90491386,569311
10/14/2019,41.77045822,42.0841869,41.41191556,42.0393695,1381619
10/15/2019,41.32228088,41.81528265,41.09819042,41.77046182,520358
10/16/2019,41.54636765,41.68082328,40.8292789,41.45673283,737439
10/17/2019,42.03936768,42.03936768,41.23264073,41.5911868,340455
10/20/2019,42.53237152,42.71164458,42.30828105,42.53237152,312464
10/21/2019,43.74245834,43.74245834,42.98055213,43.11500435,498445
10/22/2019,44.10100174,44.10100174,43.74245565,43.74245565,395479
10/23/2019,44.81809616,44.81809616,43.92173424,43.92173424,444014
10/24/2019,45.26627731,45.26627731,44.81809635,44.81809635,357940
10/27/2019,45.26627731,45.53518521,44.81809635,45.26627731,182836
10/28/2019,44.72845459,45.44554334,44.2802737,44.99736244,398354
10/29/2019,43.96654892,44.72845856,42.75646177,44.72845856,641545
10/30/2019,44.1906395,44.36991255,43.51836809,43.74245856,320168
10/31/2019,44.72845459,44.773272,44.14581806,44.36990851,492618
11/3/2019,43.87691116,44.10100162,43.74245552,43.92172857,108348
11/4/2019,44.1906395,44.36991255,44.10100468,44.1906395,197231
11/5/2019,44.81809616,44.81809616,44.05618989,44.19064213,264726
11/6/2019,45.0870018,45.0870018,44.63882086,44.81809392,254748
11/7/2019,45.4455452,45.53518001,45.0869991,45.0869991,269403
11/10/2019,45.62482071,45.98336341,45.35590941,45.44554765,319119
11/11/2019,45.89373016,45.98336499,45.62482228,45.89373016,357019
11/12/2019,46.07299805,46.52117895,45.71445196,46.16263286,479466
11/13/2019,45.71445084,46.61081262,45.26626995,46.07299692,567324
11/14/2019,46.07299805,46.70044857,45.98335981,45.98335981,499861
11/17/2019,45.98335648,46.25226431,45.71444864,45.98335648,132998
11/18/2019,46.25226974,46.52118103,46.16263493,46.34190798,409797
11/19/2019,46.61081696,46.61081696,45.80408991,45.80408991,487439
11/20/2019,46.61081696,46.79009001,46.25227084,46.52118214,201389
11/21/2019,46.61081696,46.79009001,46.34190908,46.61081696,371013
11/24/2019,46.25226974,46.61081585,46.16263493,46.4315428,78174
11/25/2019,45.71445084,46.52117781,45.71445084,46.25226654,326570
11/26/2019,44.81809616,45.89373115,44.63882309,45.80409291,980431
11/27/2019,44.68363953,44.81809518,44.10100634,44.81809518,292617
11/28/2019,44.1458168,44.77327072,43.92172636,44.77327072,245720
12/1/2019,44.36991119,44.45954601,43.83209546,44.14582073,171745
12/2/2019,44.41473007,44.45954748,44.05618737,44.45954748,293698
12/3/2019,44.23545837,44.77327757,43.56318695,44.41473144,335543
12/4/2019,43.20463943,44.36990909,43.02536639,44.36990909,360286
12/5/2019,43.07019043,43.42873657,43.07019043,43.29428091,141385
12/8/2019,44.77327728,44.81809469,43.07018832,43.07018832,313134
12/9/2019,44.81809616,45.80409291,44.72846134,44.90773099,550318
12/10/2019,44.10100174,44.68363486,44.10100174,44.54918264,205535
12/11/2019,44.1906395,44.41472996,44.01136644,44.01136644,292565
12/12/2019,43.38391113,44.32509031,43.38391113,44.32509031,277998
12/15/2019,43.33909607,43.87691526,43.02537078,43.83209784,352103
12/16/2019,43.65282059,44.36990935,43.2942745,43.38391273,370453
12/17/2019,44.36991119,44.36991119,43.6528224,43.92173027,466749
12/18/2019,44.1458168,44.54918028,43.96654377,44.1009994,361209
12/19/2019,45.62482071,45.62482071,44.32509531,44.45954754,631901
12/22/2019,45.17663956,45.62482049,45.08700132,45.62482049,165179
12/23/2019,45.26627731,45.44555038,45.08700424,45.26627731,377799
12/24/2019,45.17663956,45.44554743,44.9973665,45.44554743,292947
12/25/2019,45.0870018,45.26627486,44.63882086,45.26627486,267958
12/26/2019,45.17663956,45.17663956,44.72845862,45.08700132,143989
12/29/2019,45.4455452,45.53518001,44.90772605,45.26627215,276356
12/30/2019,44.9077301,45.4455493,44.50436998,45.4455493,776594
12/31/2019,44.36991119,44.90772693,44.28027638,44.90772693,460222
1/1/2020,44.23545837,44.81809498,44.19064096,44.81809498,232270
1/2/2020,44.23545837,44.5940045,43.92173308,44.23545837,590661
1/5/2020,43.47354889,43.92172981,43.47354889,43.83209499,315686
1/6/2020,42.98054886,43.47354716,42.66682018,43.47354716,602875
1/7/2020,43.15982437,43.38391483,42.93573391,43.38391483,400731
1/8/2020,42.7116394,42.98054725,42.57718377,42.57718377,309884
1/9/2020,43.56318283,43.65282106,43.29427497,43.29427497,372247
1/12/2020,43.78727341,43.83209423,43.51836555,43.65282119,131819
1/13/2020,44.32509613,44.32509613,43.65282471,43.65282471,318469
1/14/2020,44.59400558,44.638823,44.10100721,44.3699151,536194
1/15/2020,44.36991119,44.63881906,44.19063814,44.59400165,406474
1/16/2020,44.32509613,44.32509613,44.01136742,44.01136742,271729
1/19/2020,43.92173386,44.05618951,43.51837031,43.92173386,347417
1/20/2020,43.96654892,44.05618716,43.65282363,43.74245845,704722
1/21/2020,43.74245834,43.96654881,43.74245834,43.9217314,161965
1/22/2020,43.65282059,44.05618408,43.60800318,43.60800318,227593
1/23/2020,43.29426956,43.69763301,43.20463476,43.60799821,354436
1/26/2020,42.84609604,43.02536909,42.80127863,43.02536909,290250
1/27/2020,42.17382431,43.11500357,42.17382431,42.8460957,304736
1/28/2020,42.39791489,42.8012784,42.17382442,42.75646099,247949
1/29/2020,42.57718277,42.66681758,42.30827493,42.39790974,359131
1/30/2020,42.57718277,42.66681758,42.30827493,42.62200017,391954
2/2/2020,42.44272614,42.66681657,42.1290009,42.66681657,197144
2/3/2020,42.26346207,42.66682216,42.26346207,42.62200475,401354
2/4/2020,42.26346207,42.48755253,42.26346207,42.48755253,438915
2/5/2020,42.35309601,42.62200387,42.3082786,42.48755165,514787
2/6/2020,42.84609604,42.84609604,42.53237076,42.57718817,537107
2/9/2020,42.35309601,43.11500219,42.17382296,43.02536737,428379
2/10/2020,42.7564621,42.84609692,42.48755422,42.57718904,387257
2/11/2020,42.84609604,43.11500391,42.39791511,43.11500391,419407
2/12/2020,42.62200165,42.93573032,42.30827639,42.53236684,481262
2/13/2020,42.44272614,42.66681657,42.1290009,42.57718176,607911
2/16/2020,42.44272614,42.44272614,42.44272614,42.44272614,0
2/17/2020,42.35309601,42.53236906,41.86009769,41.86009769,581264
2/18/2020,42.39791489,42.48755312,42.12900701,42.35309748,235272
2/19/2020,42.84609604,42.84609604,42.17382465,42.21864206,362404
2/20/2020,42.48755646,42.89091659,42.48755646,42.80128176,267951
2/23/2020,42.66682053,42.75645876,42.62200312,42.66682053,142855
2/24/2020,42.21864319,42.8909146,42.21864319,42.84609719,518542
2/25/2020,41.81528091,42.218641,41.59119046,42.03937137,479410
2/26/2020,41.18782425,41.41191469,40.87409558,40.87409558,686939
2/27/2020,41.18782425,41.18782425,41.18782425,41.18782425,0
3/1/2020,40.15700912,40.78446309,39.48473776,40.78446309,520965
3/2/2020,38.63319397,40.87409857,38.63319397,40.51555589,862775
3/3/2020,39.43992233,39.52955715,39.08137622,39.52955715,314315
3/4/2020,39.48474121,39.66401428,38.90210802,39.26065073,371268
3/5/2020,39.52955246,40.15700638,39.48473506,39.7536429,356042
3/8/2020,36.34746933,38.54355636,35.85447104,38.54355636,456514
3/9/2020,33.12057114,36.34747244,32.71720762,32.71720762,1220636
3/10/2020,36.39228821,36.39228821,34.37547413,34.37547413,581156
3/11/2020,38.09537888,40.02255823,36.48192822,37.64719795,1750359
3/12/2020,38.00574112,39.3951012,34.95810968,37.64719504,1339356
3/15/2020,38.54356384,39.52956062,37.37829399,38.54356384,592639
3/16/2020,35.89928818,38.40910045,35.89928818,38.00574039,850838
3/17/2020,36.97492599,38.54355922,35.85447369,36.03374674,835709
3/18/2020,37.64720154,39.43992542,37.33347623,37.37829364,514288
3/19/2020,38.63319397,39.39510359,37.64719731,38.3642861,1172976
3/22/2020,37.91610718,39.08137695,37.73683412,37.73683412,380413
3/23/2020,40.11219025,40.29146329,37.64719532,37.91610317,871813
3/24/2020,39.35028839,41.09819134,39.35028839,40.29146769,643459
3/25/2020,39.43992233,40.3362842,38.54356046,39.70883021,688929
3/26/2020,39.26064301,39.66400647,39.2158256,39.52955084,199418
3/29/2020,40.51555634,40.56037374,39.35028661,39.43992143,321592
3/30/2020,41.00855637,41.18782943,40.38110236,40.51555801,579993
3/31/2020,42.12900162,43.69763466,41.00854945,41.00854945,964771
4/1/2020,41.72564316,42.75646065,41.72564316,42.12900667,479575
4/2/2020,42.48755646,42.57719128,41.81528502,42.12901032,539185
4/5/2020,43.51836014,43.56317754,42.57718103,43.02536188,897952
4/6/2020,45.06933975,45.06933975,43.33590227,44.2938531,955088
4/7/2020,45.16057205,45.43427179,44.56755305,45.02372044,928843
4/8/2020,45.70796967,45.89043731,44.79563491,45.25180229,1321374
4/9/2020,44.88686752,45.98166985,44.47631622,45.70796666,997608
4/12/2020,43.79206848,44.88687089,43.74645244,44.88687089,473196
4/13/2020,43.10781479,43.92891742,42.87973111,43.92891742,612049
4/14/2020,43.70083618,43.70083618,42.87973351,43.15343324,612179
4/15/2020,44.33946609,44.52193374,43.74645061,43.97453429,644056
4/16/2020,43.42713165,44.33946638,43.42713165,44.33946638,418473
4/19/2020,43.83768463,44.15700389,43.10781752,43.70083651,316357
4/20/2020,44.0657692,44.33946893,43.65521785,43.70083737,531557
4/21/2020,43.42713165,43.83768298,43.01658381,43.06219985,592368
4/22/2020,43.97453308,44.02014912,43.10781442,43.10781442,392070
4/23/2020,43.8833046,44.24823993,43.74645646,44.06577226,1871288
4/26/2020,44.43070602,44.61317368,43.97453862,44.24823837,334507
4/27/2020,44.29384995,45.47988438,44.29384995,44.61316919,816700
4/28/2020,44.20262146,44.7044049,43.92892172,44.56755329,375728
4/29/2020,44.47631836,44.658786,44.15700259,44.29385072,476342
4/30/2020,44.79563522,44.93248683,44.2938518,44.52193549,601544
5/3/2020,42.42356491,43.51836728,41.7849299,43.51836728,463733
5/4/2020,42.60603333,42.97096514,42.3323336,42.42356568,596799
5/5/2020,42.51479721,43.24466778,42.51479721,42.69726485,857346
5/6/2020,42.2410965,43.10781517,42.2410965,42.69726385,647566
5/7/2020,42.14986801,42.78850306,41.83054875,42.42356775,616291
5/10/2020,42.2410965,42.60603177,42.10424838,42.60603177,281311
5/11/2020,42.28671265,42.46918029,38.40929011,38.40929011,878153
5/12/2020,42.46918106,42.74288078,42.19548134,42.28671342,349699
5/13/2020,42.0586319,42.69726694,41.96739981,42.24109955,388530
5/14/2020,42.0586319,42.0586319,41.64808403,42.0586319,295773
5/17/2020,43.79206848,43.88330057,42.10425057,42.10425057,861641
5/18/2020,44.24824142,44.70440886,44.06577375,44.47632514,494154
5/19/2020,45.25180435,45.29742388,44.15700538,44.24823747,735273
5/20/2020,44.97809982,45.34303509,44.70440011,45.25179954,601378
5/21/2020,44.75001907,45.61673779,44.75001907,44.97810276,931594
5/31/2020,45.98167038,47.44140451,45.61673511,47.44140451,573194
6/1/2020,49.26607513,49.7222425,46.43783888,46.52907096,2615201
6/2/2020,49.26607513,49.7222425,48.99237541,49.35730721,977140
6/3/2020,49.44854355,49.63101119,48.35374117,49.44854355,515129
6/4/2020,49.26607513,49.26607513,48.17127277,49.26607513,527940
6/7/2020,49.17484283,49.44854255,48.62743991,49.17484283,485112
6/8/2020,49.44854355,49.63101119,48.99237618,49.08360826,379591
6/9/2020,49.63101196,49.63101196,49.17484459,49.26607667,376549
6/10/2020,50.81704712,51.18197894,49.35730941,49.35730941,812583
6/11/2020,49.81348038,50.54335103,49.44854853,50.26964779,887754
6/14/2020,48.62743759,49.81347198,48.62743759,49.53977227,801850
6/15/2020,48.80990982,49.08360955,48.26251035,48.62744217,530198
6/16/2020,48.99237442,50.17840884,48.99237442,49.72224149,863152
6/17/2020,49.90470886,50.0871765,49.26607388,49.90470886,649969
6/18/2020,51.09074402,51.09074402,49.72224195,49.99594166,2460405
6/21/2020,50.36088181,51.09074895,50.08718206,50.99951686,427635
6/22/2020,50.26964569,50.36088126,49.72224621,50.26964569,659697
6/23/2020,49.72224426,50.26964372,49.72224426,50.26964372,590826
6/24/2020,50.17840958,50.54334486,49.99594194,49.99594194,624476
6/25/2020,49.72224426,50.26964372,49.72224426,49.99594399,537662
6/28/2020,49.35730743,49.90471036,49.08360771,49.53977508,299770
6/29/2020,48.35374069,49.44854306,48.35374069,49.26607542,522254
6/30/2020,47.25893784,48.71867548,47.0764702,48.62743992,1146218
7/1/2020,48.35374069,48.53620833,47.25893832,47.44140596,519927
7/2/2020,50.17840958,50.17840958,48.26250806,48.35374014,1090940
7/5/2020,50.81704712,51.18197894,50.26964417,50.63457947,1333978
7/6/2020,50.08718109,50.90828031,49.90471344,50.90828031,774422
7/7/2020,49.81348038,50.26964779,49.72224829,49.99594804,932723
7/8/2020,49.26607513,49.90471014,49.26607513,49.81347458,526181
7/9/2020,49.44854355,49.90471092,49.2660759,49.2660759,456921
7/12/2020,49.53977585,49.72224349,49.26607612,49.53977585,259210
7/13/2020,49.35730743,49.63101064,49.26607535,49.35730743,458348
7/14/2020,49.53977585,49.53977585,49.17484404,49.3573082,315108
7/15/2020,49.53977585,49.63101141,49.26607612,49.63101141,292674
7/16/2020,49.53977585,49.63101141,49.3573082,49.63101141,238602
7/19/2020,49.53977585,49.72224349,49.3573082,49.53977585,229715
7/20/2020,48.62743759,49.44854019,47.89757055,49.44854019,522625
7/21/2020,49.26607513,49.26607513,48.71867569,48.99237541,394234
7/22/2020,49.26607513,49.35730721,49.08360749,49.17484305,234491
7/23/2020,49.26607513,49.26607513,48.90113985,49.17484305,99789
7/26/2020,48.99237442,49.17484206,48.90113886,49.17484206,123578
7/27/2020,49.26607513,49.26607513,48.90113985,48.99237541,235843
7/28/2020,48.90114212,49.26607742,48.80991004,49.26607742,189524
8/5/2020,49.26607513,49.44854278,48.53620805,49.26607513,492506
8/6/2020,49.26607513,49.26607513,48.90113985,49.26607513,326565
8/9/2020,48.99237442,49.26607414,48.80990678,49.26607414,337335
8/10/2020,48.90114212,49.26607742,48.90114212,48.99237769,187925
8/11/2020,49.17484283,49.26607491,48.90113963,48.99237519,240234
8/12/2020,48.90114212,49.26607742,48.71867795,49.08360977,356722
8/13/2020,48.90114212,48.90114212,48.90114212,48.90114212,0
8/16/2020,48.90114212,49.17484533,48.80991004,49.08360977,207602
8/17/2020,49.17484283,49.17484283,48.71867547,48.99237519,475471
8/18/2020,50.08718109,50.17841318,49.08361074,49.17484631,1201677
8/19/2020,49.99594498,50.45211236,49.0836102,50.08718054,1262272
8/20/2020,49.99594498,49.99594498,49.26607785,49.81347733,751696
8/23/2020,51.18198013,51.18198013,49.81347795,50.08718117,1399236
8/24/2020,50.81704712,51.63814632,50.54334739,51.45568215,2239510
8/25/2020,50.17840958,51.0907443,50.17840958,50.81704458,1285251
8/26/2020,49.81348038,50.63458312,49.72224829,50.1784157,654401
8/27/2020,49.90470886,50.17840858,49.72224123,50.0871765,541958
8/30/2020,50.36088181,50.36088181,49.26607935,49.63101466,382719
8/31/2020,48.99237442,50.36087648,48.99237442,50.36087648,1076298
9/1/2020,48.62743759,49.7222399,48.44496996,49.26607256,1136239
9/2/2020,48.62743759,48.99237285,48.26250581,48.99237285,613606
9/3/2020,49.26607513,49.26607513,48.71867569,48.90113985,595617
9/6/2020,48.99237442,49.44854177,48.7186747,48.99237442,408763
9/7/2020,49.35730743,49.63101064,48.99237563,48.99237563,515464
9/8/2020,50.08718109,50.36088083,49.35731048,49.53977813,1046515
9/9/2020,49.99594498,50.08718054,49.53977759,49.63101315,440570
9/10/2020,50.08718109,50.08718109,49.72224579,49.99594552,622234
9/13/2020,50.17840958,50.36087722,49.90470986,49.99594194,832478
9/14/2020,50.54334259,50.72580674,49.44854028,50.17840733,1473568
9/15/2020,49.81348038,50.45211545,49.81348038,50.26964779,527881
9/16/2020,49.81348038,50.26964779,49.44854853,50.08718361,555701
9/17/2020,50.36088181,50.36088181,49.63101466,50.17841415,853966
9/20/2020,50.17840958,50.36087722,49.99594194,50.36087722,317265
9/21/2020,49.63101196,50.17841142,49.63101196,50.17841142,351945
9/22/2020,49.08360672,49.63100963,49.08360672,49.26607436,474490
9/24/2020,49.26607513,49.53977486,48.80990777,49.17484305,396553
9/27/2020,49.17484283,49.44854255,48.99237519,49.35730699,212198
9/28/2020,49.08360672,49.53977408,49.08360672,49.26607436,407642
9/29/2020,48.44497299,49.26607564,48.44497299,49.17484356,901311
9/30/2020,48.26250839,48.80990784,48.17127283,48.71867576,676012
10/1/2020,48.90114212,49.26607742,48.26251057,48.35374265,681760
10/4/2020,48.80990982,49.53977693,48.53621009,48.99237747,654807
10/5/2020,48.99237442,49.26607414,48.35373943,49.26607414,715846
10/6/2020,49.08360672,49.08360672,48.71867492,48.99237464,326658
10/7/2020,48.99237442,49.17484206,48.80990678,49.17484206,361103
10/8/2020,48.99237442,48.99237442,48.62743915,48.99237442,527833
10/11/2020,49.35730743,49.448543,48.62744035,48.99237563,969768
10/12/2020,49.44854355,49.44854355,49.17484382,49.35730799,729647
10/13/2020,49.81348038,50.36088336,49.26608087,49.44854853,1889458
10/14/2020,50.17840958,50.36087722,49.8134743,50.17840958,567418
10/15/2020,50.45211411,50.63458176,49.81347904,49.9959467,1451633
10/18/2020,52.18554688,52.36801452,50.72580923,50.72580923,5580160
10/19/2020,52.91541672,53.28035202,51.8206143,52.27678168,3076569
10/20/2020,52.7329483,52.91541595,51.36444617,52.45924857,2225284
10/21/2020,51.54690933,53.00664343,51.54690933,52.91541135,1047597
10/22/2020,52.18554688,52.36801452,51.45567979,51.54691187,1321976
10/25/2020,49.44854355,52.00308012,49.2660759,52.00308012,733326
10/26/2020,49.26607513,50.17840986,48.26250833,48.80990777,1484811
10/27/2020,49.26607513,49.26607513,48.44497249,49.17484305,609186
10/28/2020,48.80990982,49.44854485,48.53621009,49.2660772,327079
10/29/2020,47.07647324,48.44497541,47.07647324,48.35374332,828105
11/1/2020,46.52907181,47.44140655,46.43783973,46.98523918,367943
11/2/2020,47.07647324,47.53264063,46.52907376,46.62030585,636790
11/3/2020,47.16770935,47.62387675,46.9852417,47.44140909,422743
11/4/2020,48.26250839,48.53620811,47.16770603,47.62387339,517414
11/5/2020,48.71867752,48.71867752,47.89757485,48.35374223,420307
11/8/2020,49.26607513,49.35730721,48.53620805,48.71867569,313117
11/9/2020,50.08718109,50.08718109,49.26607839,49.26607839,539497
11/10/2020,49.72224426,50.36087929,49.72224426,50.17841164,840044
11/11/2020,49.35730743,50.087178,49.26607535,49.8134748,352514
11/12/2020,49.17484283,49.53977463,48.99237519,49.53977463,236528
11/15/2020,49.81348038,49.81348038,49.17484878,49.26608087,299234
11/16/2020,49.17484283,50.08717756,49.17484283,49.90470991,447294
11/17/2020,49.44854355,49.72224327,49.17484382,49.35730799,363093
11/18/2020,49.72224426,49.72224426,49.26607688,49.44854453,276173
11/19/2020,49.90470886,49.99594094,49.44854151,49.44854151,531150
11/22/2020,49.35730743,50.087178,49.35730743,49.90471036,361200
11/23/2020,49.26607513,49.53977486,49.17484305,49.26607513,247857
11/24/2020,49.17484283,49.53977463,49.17484283,49.26607491,283535
11/25/2020,49.44854355,49.81347536,49.2660759,49.53977563,280370
11/26/2020,49.53977585,49.53977585,48.90114083,49.26607612,400298
11/29/2020,49.99594498,50.17841263,49.26607785,49.26607785,748731
11/30/2020,50.99951553,50.99951553,49.72224545,49.99594519,1600691
12/1/2020,50.99951553,50.99951553,50.45211258,50.54334814,540847
12/2/2020,50.36088181,50.90828129,49.9047144,50.63458155,459381
12/3/2020,50.6345787,51.09074608,49.9047116,50.45211106,943619
12/6/2020,50.36088181,51.54691635,50.36088181,51.09074895,1523943
12/7/2020,50.54334259,50.54334259,49.53977236,50.08717525,477927
12/8/2020,50.17840958,50.63457694,50.0871775,50.17840958,416693
12/9/2020,50.54334259,50.63457467,50.08717525,50.08717525,384921
12/10/2020,49.90470886,50.36087621,49.90470886,50.17840858,217084
12/13/2020,50.45211411,50.45211411,49.9959467,49.9959467,155710
12/14/2020,49.81348038,50.45211545,49.72224829,50.45211545,319830
12/15/2020,49.90470886,50.26964065,49.8134733,50.0871765,392767
12/16/2020,49.99594498,50.17841263,49.72224524,49.99594498,370840
12/17/2020,49.90470886,50.26964065,49.8134733,49.90470886,797661
12/20/2020,49.81348038,50.08718361,49.81348038,49.99594804,181904
12/21/2020,49.44854355,49.53977563,48.62744089,49.08360826,566363
12/22/2020,50.08718109,50.08718109,49.35731048,49.44854605,192963
12/23/2020,49.81348038,50.08718361,49.72224829,50.08718361,118217
12/24/2020,50.08718109,50.08718109,49.81347787,49.81347787,150901
12/27/2020,49.90470886,50.17840858,49.8134733,50.0871765,134968
12/28/2020,50.08718109,50.08718109,49.72224579,49.90471344,138497
12/29/2020,50.54334259,50.63457467,49.81347206,50.17840733,334734
12/30/2020,50.6345787,50.90827843,50.36087898,50.6345787,597574
12/31/2020,50.08718109,50.90828031,50.08718109,50.54334848,364107
1/3/2021,49.26607513,50.08717778,48.80990777,49.99594222,350445
1/4/2021,49.90470886,49.90470886,48.35373917,49.44854151,524694
1/5/2021,50.99951553,52.0030824,50.17841284,51.27321527,5079391
1/6/2021,50.45211411,50.99951708,50.17841436,50.99951708,763186
1/7/2021,50.17840958,50.26964166,49.8134743,50.17840958,558948
1/10/2021,50.26964569,50.45211335,50.1784136,50.26964569,359613
1/11/2021,50.81704712,50.81704712,50.08718,50.36087974,493710
1/12/2021,50.54334259,50.63457467,50.36087496,50.54334259,327352
1/13/2021,50.17840958,50.4521093,50.17840958,50.4521093,276835
1/14/2021,49.90470886,50.17840858,49.8134733,50.17840858,488140
1/17/2021,49.63101196,49.90471169,49.44854432,49.90471169,231511
1/18/2021,49.72224426,49.90471191,49.26607688,49.63101218,364534
1/19/2021,49.90470886,50.17840858,49.63100915,49.90470886,440465
1/20/2021,49.44854355,49.995943,49.44854355,49.995943,469688
1/21/2021,49.44854355,49.81347536,49.44854355,49.63101119,201098
1/24/2021,49.44854355,50.17841064,49.2660759,50.17841064,590616
1/25/2021,49.26607513,49.90471014,49.26607513,49.90471014,516312
1/26/2021,49.26607513,49.44854278,48.90113985,49.26607513,407590
1/27/2021,48.80990982,49.35730929,48.71867774,49.35730929,626112
1/28/2021,49.26607513,49.26607513,48.62744013,48.80990777,325974
1/31/2021,48.62743759,49.17484049,48.35373788,49.17484049,305074
2/1/2021,48.35374069,48.90114014,48.35374069,48.53620833,334821
2/2/2021,47.53264236,48.62744484,47.44141028,48.53621275,402710
2/3/2021,46.98524475,47.80634751,46.71154499,47.80634751,428170
2/4/2021,46.71154022,46.89400787,46.0729052,46.89400787,469125
2/7/2021,47.07647324,47.53264063,46.89400906,46.89400906,526261
2/8/2021,47.53264236,47.89757768,47.16771053,47.25894262,328719
2/9/2021,47.62387466,48.08004204,47.5326391,47.5326391,406741
2/10/2021,47.44140625,47.9888057,47.35017417,47.89757362,570578
2/11/2021,47.16770935,47.53264118,47.16770935,47.53264118,369947
2/14/2021,47.25893784,47.44140548,47.0764702,47.16770576,816695
2/15/2021,47.16770935,47.44140909,47.07647378,47.350177,643807
2/16/2021,47.16770935,47.44140909,46.9852417,47.44140909,422761
2/17/2021,47.07647324,47.44140854,47.07647324,47.25894089,484904
2/18/2021,46.98524475,47.35018008,46.89401266,47.07647684,558200
2/21/2021,47.25893784,47.3501734,46.98523812,47.3501734,316862
2/22/2021,47.16770935,47.25894144,46.9852417,47.25894144,424122
2/23/2021,46.98524475,47.35018008,46.98524475,47.16771242,711887
2/24/2021,46.52907181,47.16770682,46.52907181,47.07647126,677502
2/25/2021,46.52907181,46.98523918,46.52907181,46.52907181,620344
2/28/2021,46.43783188,46.52906395,45.98166459,46.34659633,339752
3/1/2021,46.07290649,46.52907389,46.07290649,46.52907389,327129
3/2/2021,46.71154022,46.89400787,46.16413728,46.16413728,479573
3/3/2021,46.25537109,46.8940061,45.61673609,46.8940061,1458240
3/4/2021,45.98167038,46.43783773,45.98167038,46.25537009,464170
3/7/2021,46.52907181,46.62030389,46.16413652,46.43783973,454575
3/8/2021,46.34660339,46.71153868,46.25537131,46.52907103,469346
3/9/2021,46.16413498,46.52907026,46.0729029,46.52907026,509871
3/10/2021,46.52907181,46.52907181,46.16413652,46.43783973,429864
3/11/2021,46.25537109,46.52907081,46.16413553,46.52907081,308678
3/14/2021,46.62030029,46.62030029,46.16413296,46.52906822,768510
3/15/2021,46.52907181,46.8940071,46.52907181,46.62030389,656483
3/16/2021,46.98524475,47.25894451,46.89401266,46.98524475,1483050
3/17/2021,47.44140625,47.44140625,46.98523888,47.16770653,1086104
3/18/2021,47.16770935,47.44140909,47.07647378,47.44140909,858475
3/21/2021,46.89400864,47.16770837,46.80277307,46.98524072,333566
3/22/2021,47.07647324,47.25894089,46.98524115,47.07647324,377808
3/23/2021,46.98524475,47.25894451,46.98524475,47.25894451,413612
3/24/2021,47.53264236,47.98880977,46.89401078,46.98524287,1097812
3/25/2021,47.07647324,47.62387619,47.07647324,47.44140854,470976
3/28/2021,47.16770935,47.53264118,47.07647378,47.25894144,399733
3/29/2021,47.44140625,47.44140625,47.16770653,47.25893861,327701
3/30/2021,47.35017776,47.53264194,47.2589422,47.44140985,294992
3/31/2021,47.44140625,47.89757362,47.25893861,47.44140625,1389115
4/1/2021,47.80633926,47.80633926,47.35017192,47.62387163,667428
4/4/2021,48.35374069,48.44497277,47.6238736,47.80634125,1244756
4/5/2021,48.53621292,48.62744501,48.08004551,48.35374526,653517
4/6/2021,48.35374069,48.71867598,48.26250861,48.62744042,752786
4/7/2021,48.35374069,48.35374069,48.35374069,48.35374069,0
4/8/2021,48.53621292,48.71868058,48.1712776,48.44497735,663328
4/11/2021,48.53621292,48.53621292,48.53621292,48.53621292,0
4/12/2021,48.26250839,48.44497255,48.08004075,48.17127283,632820
4/13/2021,48.17127228,48.35373992,48.0800402,48.35373992,598029
4/14/2021,48.35726166,48.35726166,47.89228799,48.17127148,411807
4/15/2021,48.2642746,48.35726792,47.98528752,48.2642746,689854
4/18/2021,48.2642746,48.45026125,48.17127772,48.35726792,373703
4/19/2021,48.35726166,48.35726166,48.17127148,48.26426834,622922
4/20/2021,48.72924423,48.82223755,47.98528349,48.35726386,892017
4/21/2021,48.07827759,48.82223474,48.07827759,48.82223474,801759
4/22/2021,48.35726166,48.35726166,47.9852813,48.35726166,473001
4/25/2021,48.35726166,48.45025497,48.07827817,48.35726166,393550
4/26/2021,48.72924423,48.82223755,48.35726386,48.35726386,904593
4/27/2021,49.38020325,49.56619343,48.63624607,48.72924294,1408554
4/28/2021,51.0541153,52.26304624,49.56619728,49.65919415,5279470
4/29/2021,50.03116608,51.14710359,49.8451759,51.05411028,1190644
5/2/2021,49.93817139,49.93817139,49.47319773,49.84517453,549089
5/3/2021,50.68213272,51.14710642,50.21715903,50.21715903,1619923
5/4/2021,50.96111679,51.33309717,50.58913996,50.96111679,1112086
5/5/2021,50.96111679,51.2401003,50.86812347,50.96111679,891790
5/6/2021,50.21715927,50.86812316,49.93817576,50.86812316,957789
5/9/2021,50.58913803,50.68213135,50.12416435,50.21715767,484496
5/10/2021,51.14710236,51.14710236,50.40314521,50.6821287,613008
5/17/2021,51.42609024,51.70507375,50.96111654,51.14710673,759589
5/18/2021,50.96111679,51.705074,50.86812347,51.42609049,497710
5/19/2021,50.7751236,50.96111377,50.31014992,50.68213028,455803
5/20/2021,50.7751236,50.7751236,50.31014992,50.68213028,699928
5/23/2021,50.68213272,50.77512604,50.40314921,50.77512604,406173
5/24/2021,50.96111679,50.96111679,50.49614309,50.68213328,438559
5/25/2021,51.0541153,51.24010194,50.77512823,50.96111842,812969
5/26/2021,51.33309555,51.42608887,50.86812187,50.86812187,1116103
5/27/2021,50.68213272,51.3330966,50.68213272,51.3330966,1294969
5/30/2021,50.96111679,51.05411366,50.68213328,50.7751266,478465
5/31/2021,51.33309555,51.33309555,50.775125,51.05411205,714657
6/1/2021,51.42609024,51.51908711,51.14710673,51.42609024,593444
6/2/2021,53.00700378,53.19299398,51.51908931,51.61208263,2954181
6/3/2021,52.54202652,53.65796408,52.35603634,53.09999352,1572503
6/6/2021,53.09999466,53.28598485,52.54202764,52.72801783,976045
6/7/2021,54.77389908,54.95988571,52.82100756,53.19298791,2338764
6/8/2021,56.81978226,58.02871666,54.86689422,54.86689422,4441399
6/9/2021,58.21470261,59.79561736,56.91277845,56.91277845,3436048
6/10/2021,58.12170792,59.14464856,57.74972757,58.21470123,1114505
6/13/2021,59.05165863,59.51663232,57.56374424,58.12171125,1127608
6/14/2021,58.77267075,60.35358188,58.21470023,58.77267075,1634209
6/15/2021,57.47074509,58.77267279,57.47074509,58.77267279,782204
6/16/2021,57.19176102,57.749728,56.26181368,57.47074451,633596
6/17/2021,57.19176102,57.84272486,56.91277753,57.19176102,1011953
6/20/2021,57.09877014,57.65673715,56.72678977,57.19176346,475760
6/21/2021,58.02871704,58.67967736,55.79684194,57.09876968,1177201
6/22/2021,57.47074509,58.49368929,57.47074509,57.65673526,409129
6/23/2021,58.67968369,59.14465742,57.47075269,58.12171662,1473108
6/24/2021,58.95866776,58.95866776,58.02872034,58.67968069,559266
6/27/2021,58.95866776,58.95866776,58.95866776,58.95866776,0
6/28/2021,59.23764801,59.23764801,58.58668414,58.86566764,408474
6/29/2021,59.23764801,59.42363819,58.49369083,59.05165783,576295
6/30/2021,58.95866776,59.05166108,58.40069718,58.77267756,417590
7/1/2021,58.58668518,58.77267537,58.40069499,58.77267537,237359
7/4/2021,58.02871704,58.58668404,57.74972999,58.58668404,612141
7/5/2021,57.65673828,57.7497316,56.72679089,57.7497316,523461
7/6/2021,56.54079819,57.65673572,56.54079819,57.65673572,319598
7/7/2021,56.07582474,56.54079841,54.68090371,56.54079841,922919
7/8/2021,55.70384979,55.79684311,54.68090554,55.79684311,441212
7/11/2021,54.21593094,55.70384886,53.75095725,55.70384886,671918
7/12/2021,53.65796661,54.77390422,53.28598623,53.93695013,575170
7/13/2021,54.49491501,54.49491501,53.6579645,53.6579645,378291
7/14/2021,53.75095749,54.49491468,53.37898067,54.49491468,540830
7/15/2021,54.77389908,55.70384641,53.75095489,54.21592855,563874
7/25/2021,54.86689377,55.7038478,54.77390045,55.7038478,261278
7/26/2021,54.49491501,55.33186907,53.936948,55.05288556,341997
7/27/2021,54.40192032,54.68090382,53.93694664,54.308927,437203
7/28/2021,54.40192032,54.40192032,54.12293682,54.40192032,319181
7/29/2021,54.58791733,54.68091066,54.40192712,54.40192712,257065
8/1/2021,54.21593094,55.05288499,54.21593094,54.86689481,313288
8/2/2021,54.40192032,54.68090382,53.47197296,54.68090382,706476
8/3/2021,53.37897873,54.40191938,52.91400506,54.40191938,1209777
8/4/2021,51.8910675,53.37898557,51.8910675,53.37898557,809140
8/5/2021,53.00700378,53.28598731,51.89106615,51.89106615,1373213
8/8/2021,52.82100677,53.4719706,52.72801346,53.4719706,277412
8/9/2021,52.26304626,52.91401018,52.07705607,52.91401018,320195
8/10/2021,53.09999466,53.28598485,52.26304414,52.26304414,389159
8/11/2021,52.82100677,53.09999026,52.35603312,53.09999026,253953
8/12/2021,52.07705307,52.82101026,52.07705307,52.82101026,434909
8/15/2021,52.17004395,52.44903098,51.98405732,52.07705063,392371
8/16/2021,52.17004395,52.44903098,51.89106045,52.17004395,340565
8/17/2021,52.54202652,52.54202652,51.79806933,51.89106265,284851
8/18/2021,52.82100677,53.09999026,52.2630398,52.44902998,332975
8/19/2021,51.98405838,52.54202537,51.98405838,52.54202537,294943
8/22/2021,51.70507431,52.17004801,51.4260908,51.70507431,368640
8/23/2021,51.51908493,52.07705192,51.42608807,51.70507156,396993
8/24/2021,52.72801208,52.72801208,51.51908132,51.61207463,415929
8/25/2021,53.00700378,53.4719775,52.63502339,52.82101359,354572
8/26/2021,53.28598404,53.28598404,52.91400722,53.09999385,268276
8/29/2021,53.56496811,53.56496811,53.19299128,53.37898147,278134
8/30/2021,53.56496811,53.56496811,53.09999442,53.56496811,205888
8/31/2021,53.93695068,53.93695068,53.28598678,53.56497029,645838
9/1/2021,53.75095749,53.93694767,53.19299048,53.93694767,201820
9/2/2021,53.37897873,53.56496536,53.28598187,53.28598187,162959
9/5/2021,52.72801208,53.47196921,52.54202192,53.47196921,549663
9/6/2021,52.91400909,53.00700242,52.63502203,52.7280189,275753
9/7/2021,52.82100677,52.91400363,52.6350166,52.91400363,235032
9/8/2021,52.91400909,52.91400909,52.35603852,52.7280189,292402
9/9/2021,53.19298935,53.28598267,52.63501881,52.63501881,494713
9/12/2021,53.19298935,53.65796303,52.82100899,53.47197285,746347
9/13/2021,53.47197342,53.47197342,53.00699974,53.28598324,351409
9/14/2021,53.28598404,53.65796441,52.82101035,53.65796441,753312
9/15/2021,52.91400909,53.19299261,52.82101222,53.09999574,160718
9/16/2021,53.65796661,53.65796661,52.7280192,53.00700271,713513
9/19/2021,54.30892944,54.40192276,53.65796556,53.75095888,1041340
9/20/2021,53.75095749,54.40192136,53.2859838,54.40192136,448125
9/21/2021,53.09999466,53.47197504,53.00700134,53.37898171,474888
9/22/2021,53.00700378,53.19299398,52.91401046,53.00700378,163357
9/26/2021,53.00700378,53.28598731,52.91401046,53.00700378,153699
9/27/2021,53.00700378,53.09999711,52.72802026,52.91401046,264146
9/28/2021,52.72801208,53.09998887,52.72801208,53.00699556,223106
9/29/2021,53.47197342,53.47197342,52.63501937,52.72801624,291733
9/30/2021,53.93695068,53.93695068,53.00700326,53.00700326,254491
10/3/2021,53.28598404,53.93694791,53.19299072,53.93694791,186147
10/4/2021,53.00700378,53.4719775,52.54203007,53.00700378,470299
10/5/2021,52.82100677,52.91400363,52.6350166,52.91400363,152300
10/6/2021,52.26304626,53.19299369,52.07705607,52.8210133,816276
10/7/2021,51.70507431,53.0070021,51.51908767,52.17004801,736206
10/10/2021,50.58913803,51.61207871,50.31015098,51.24009835,759112
10/11/2021,50.58913803,50.58913803,50.58913803,50.58913803,0
10/12/2021,48.82223511,49.65918913,48.82223511,49.56619227,425060
10/13/2021,49.75218582,49.75218582,48.7292451,48.82223842,199208
10/14/2021,49.75218582,49.75218582,49.1942188,49.75218582,485663
10/17/2021,50.21715927,50.40314946,49.75218557,49.75218557,302692
10/18/2021,50.49613953,50.6821297,50.12416272,50.21715604,215198
10/19/2021,49.75218582,50.5891399,49.47320231,50.49614303,474055
10/20/2021,50.12416458,50.12416458,49.6591909,49.84517753,291029
10/21/2021,50.03116608,50.12416294,49.8451759,50.03116608,141534
10/24/2021,49.28720856,50.03116571,49.10121838,50.03116571,576882
10/25/2021,49.75218582,49.75218582,49.1942188,49.1942188,433903
10/26/2021,49.56619263,49.65918949,49.00822564,49.65918949,544615
10/27/2021,49.47320175,49.56619507,49.19421824,49.47320175,494448
10/28/2021,49.19421387,49.38020049,49.19421387,49.38020049,282388
10/31/2021,49.19421387,49.47319735,49.19421387,49.28720718,169593
11/1/2021,49.47320175,49.56619507,49.19421824,49.38020488,139849
11/2/2021,49.0082283,49.38020513,49.0082283,49.28721181,368626
11/3/2021,48.82223511,49.19421546,48.35726144,49.00822528,264194
11/4/2021,48.45025635,48.82223671,48.35726303,48.35726303,210456
11/7/2021,49.47320175,49.47320175,48.54325436,48.82223787,234650
11/8/2021,48.9152298,49.65919052,48.82223648,49.47320034,316023
11/9/2021,48.54325485,48.91523168,48.35726466,48.91523168,368348
11/10/2021,48.82223511,48.82223511,48.35726144,48.45025475,368814
11/11/2021,48.63624573,48.82223591,48.54325241,48.63624573,132879
11/14/2021,48.72924423,49.10122106,48.54325405,48.82223755,122982
11/15/2021,48.35726166,48.72924201,48.35726166,48.63624515,229435
11/16/2021,49.19421387,49.19421387,48.35725987,48.45025319,386980
11/17/2021,48.72924423,49.00822774,48.63624737,48.82223755,240504
11/18/2021,48.72924423,48.72924423,48.72924423,48.72924423,0
11/21/2021,47.89229202,48.45025905,47.61330851,48.35726573,292266
11/22/2021,46.49736404,48.07827513,46.49736404,48.07827513,445717
11/23/2021,45.93940353,47.14833446,45.84640666,46.49737056,581835
11/24/2021,46.2183876,46.4043778,46.03239741,46.12539073,450166
11/25/2021,45.70691681,46.86935108,45.70691681,46.3113805,549918
11/28/2021,45.70691681,45.70691681,45.70691681,45.70691681,0
11/29/2021,43.47504044,44.82346486,43.33554691,43.89351747,1143119
11/30/2021,44.49797821,44.49797821,43.01006391,43.7075244,2083244
12/1/2021,44.12600327,44.63747361,43.94001308,44.63747361,731315
12/2/2021,44.07950592,44.31199276,43.98650906,44.07950592,407443
12/5/2021,45.05595398,45.05595398,44.17250321,44.17250321,435240
12/6/2021,44.3584938,45.42793124,44.3584938,45.14894771,543158
12/7/2021,44.63747406,44.96295422,44.5909774,44.63747406,302482
12/8/2021,45.10245132,45.10245132,44.6374776,44.68397426,260442
12/9/2021,45.24193954,45.24193954,44.73046567,45.00945271,166100
12/12/2021,45.28843689,45.28843689,44.91645653,45.24194023,151999
12/13/2021,45.38143158,45.75341195,45.38143158,45.42792824,604633
12/14/2021,44.86996078,45.56742132,44.86996078,45.474428,411882
12/15/2021,44.82345963,45.1024431,44.59097281,45.1024431,500851
12/16/2021,44.82345963,45.52092009,44.82345963,45.52092009,1094915
12/19/2021,45.19543839,45.3349319,44.68396807,44.96295155,333855
12/20/2021,44.91645813,45.19544164,44.82346481,45.19544164,387709
12/21/2021,44.82345963,45.28843327,44.82345963,45.1024431,391714
12/22/2021,45.10245132,45.19544465,44.6374776,44.86996446,490385
12/23/2021,44.96295547,45.19544233,44.86996215,45.102449,388329
12/26/2021,44.82345963,45.19543641,44.82345963,45.19543641,156905
12/27/2021,45.00945663,45.00945663,44.63747625,44.96295643,114602
12/28/2021,45.19543839,45.19543839,44.9164549,45.00945176,154812
12/29/2021,44.86996078,45.38143113,44.73046726,45.10244763,318999
12/30/2021,45.33493423,45.33493423,44.63747371,44.91645721,361767
1/2/2022,44.96295547,45.102449,44.86996215,44.91645881,160361
1/3/2022,45.00945663,45.28844015,45.00945663,45.00945663,472465
1/4/2022,44.96295547,45.14894566,44.86996215,45.14894566,269438
1/5/2022,45.00945663,45.14894662,44.91645976,45.10244996,190320
1/6/2022,44.73046875,45.00945581,44.73046875,45.00945581,347993
1/9/2022,44.59097672,44.82346356,44.54448006,44.82346356,617995
1/10/2022,44.59097672,44.73046669,44.54448006,44.59097672,379539
1/11/2022,44.82345963,44.82345963,44.54447615,44.59097281,463069
1/12/2022,44.86996078,44.91645744,44.59097728,44.91645744,682418
1/13/2022,45.14894104,45.14894104,44.91645421,44.91645421,633171
1/16/2022,45.89290237,45.93940258,45.19544183,45.19544183,880272
1/17/2022,46.59036255,46.8693496,45.89290201,45.98589888,772056
1/18/2022,46.2183876,47.14833503,46.2183876,46.77635464,579851
1/19/2022,46.49736404,46.49736404,45.93939709,46.21838057,373200
1/20/2022,46.49736404,46.49736404,46.0323904,46.49736404,317471
1/23/2022,45.38143158,46.12538878,45.10244807,46.12538878,685460
1/24/2022,45.00945663,45.38143347,44.96295643,45.28844015,642949
1/25/2022,45.98589706,45.98589706,44.9164562,44.9164562,467374
1/26/2022,45.98589706,45.98589706,45.98589706,45.98589706,0
1/27/2022,45.98589706,45.98589706,45.98589706,45.98589706,0
1/30/2022,45.89290237,45.93940258,45.56742221,45.66041553,206875
1/31/2022,45.66041565,45.98589937,45.66041565,45.8929025,371056
2/1/2022,46.2183876,46.26488427,45.70691723,45.79991055,423608
2/2/2022,46.49736404,46.96233768,46.21838057,46.21838057,673303
2/3/2022,45.70691681,46.59036401,45.70691681,46.3113805,484744
2/6/2022,46.17188644,46.31137642,45.70691278,45.70691278,150791
2/7/2022,46.49736404,46.49736404,46.17188391,46.45086739,427245
2/8/2022,46.45087051,46.68335735,46.17188702,46.49736717,564618
2/9/2022,46.07888794,46.49736493,46.07888794,46.35787142,189646
2/10/2022,46.59036255,46.59036255,46.12538886,46.26488238,354411
2/13/2022,45.84640503,46.26488206,45.28843802,46.26488206,410220
2/14/2022,46.35787582,46.40437603,45.42792844,45.56742196,480766
2/15/2022,46.77634811,46.77634811,46.03239099,46.35787112,377554
2/16/2022,47.24132538,47.33432224,46.68335838,46.7763517,851572
2/17/2022,48.2642746,48.2642746,46.96234673,47.24133026,1035746
2/20/2022,47.24132538,48.63624642,47.24132538,48.07827942,502438
2/21/2022,47.98527908,48.26426611,47.14832864,47.14832864,324569
2/23/2022,47.61330795,47.98528479,47.52031108,47.52031108,273065
2/24/2022,45.84640503,47.14833278,45.70691505,46.40437558,628945
2/27/2022,46.31138229,46.77635602,45.93940544,46.49737249,348585
2/28/2022,46.59036255,47.05533624,46.03239554,46.12538886,468943
3/1/2022,47.70629883,47.70629883,46.59036129,46.59036129,366603
3/2/2022,46.77634811,47.6133021,46.59035795,47.52030524,460487
3/3/2022,46.31138229,47.14833642,46.31138229,46.77635602,428734
3/6/2022,46.49736404,47.05533099,46.45086739,46.45086739,371981
3/7/2022,46.40437317,46.86934683,46.31137631,46.5903598,369036
3/8/2022,46.31138229,46.49737249,46.21838897,46.31138229,681758
3/9/2022,46.03239441,46.49736809,46.03239441,46.40437477,306066
3/10/2022,45.66041565,46.49736972,45.66041565,46.03239603,1010623
3/13/2022,44.68397141,46.03239583,44.68397141,46.03239583,1065216
3/14/2022,44.2654953,44.73046901,43.28905123,44.73046901,1224210
3/15/2022,43.70752716,44.31199438,43.24255347,44.31199438,776685
3/16/2022,44.54447937,44.59097603,43.61453202,43.70752534,1069827
3/17/2022,45.56742096,45.56742096,44.21899657,44.63747359,1405469
3/20/2022,45.24193954,45.61391635,45.10244602,45.61391635,312529
3/21/2022,45.52092743,45.84640761,45.24194391,45.24194391,1162525
3/22/2022,45.42792892,45.52092579,45.28843894,45.42792892,294580
3/23/2022,45.79990768,46.07889118,45.38143066,45.42792732,940581
3/24/2022,45.93940353,46.07889352,45.79991,45.79991,442397
3/27/2022,46.03239441,46.35787457,45.75341091,45.93940109,451734
3/28/2022,46.31138229,46.31138229,45.75341524,45.98590211,442093
3/29/2022,47.79929733,47.79929733,46.1718894,46.31137938,1397853
3/30/2022,47.33432007,48.26426739,47.24132321,47.89228704,631961
3/31/2022,47.61330795,47.61330795,46.96234406,47.61330795,466585
4/3/2022,47.70629883,47.89228901,47.42731533,47.79929569,333898
4/4/2022,47.70629883,47.70629883,47.70629883,47.70629883,0
4/5/2022,47.89229202,48.63624925,47.24132812,48.54325592,484422
4/6/2022,48.82223511,49.19421546,47.7062976,47.79929446,2058550
4/7/2022,48.54325485,49.47320225,48.54325485,48.82223836,1531598
4/10/2022,49.10122299,49.47320338,48.82223948,49.28721319,1001254
4/11/2022,49.47320175,50.03116877,48.91523119,49.28721156,1292797
4/12/2022,49.47320175,49.65919194,48.91523119,49.56619507,955261
4/13/2022,49.47320175,49.85230457,49.28364853,49.75752977,614180
4/14/2022,49.37842178,49.4732002,48.71499097,49.4732002,458775
4/17/2022,49.09409714,49.28365036,48.90454391,48.99932233,234936
4/18/2022,48.90454102,48.99931943,48.80976622,48.80976622,251987
4/19/2022,48.14633179,48.90454102,48.14633179,48.90454102,672926
4/20/2022,48.33588409,48.5254373,47.86200288,48.14633088,543158
4/21/2022,48.33588409,48.33588409,47.29334686,48.14633088,463092
4/24/2022,48.33588409,48.43065889,47.38812166,47.48289646,288195
4/25/2022,48.62021255,48.62021255,48.05155654,48.33588455,367345
4/26/2022,48.33588409,48.6202121,47.86200288,48.6202121,478641
4/27/2022,48.62021255,49.4732002,48.24110975,48.24110975,677243
4/28/2022,49.28364563,49.75752684,48.71498963,48.71498963,1331815
5/8/2022,49.28364563,49.37842043,48.80976442,49.28364563,273069
5/9/2022,50.70529175,50.70529175,49.18887325,49.28364805,1601484
5/10/2022,50.89484024,51.65304942,50.13663106,50.42095905,1530009
5/11/2022,51.55827713,52.12693314,50.89484271,50.89484271,952412
5/12/2022,49.28364563,52.12693288,49.28364563,51.65305167,1226547
5/15/2022,51.27394485,51.55827647,49.47319845,49.85230124,667980
5/16/2022,50.04185867,51.65305563,50.04185867,51.27394919,696832
5/17/2022,49.75753021,50.42096467,49.28364897,49.85230501,1469330
5/18/2022,49.75753021,49.75753021,49.75753021,49.75753021,0
5/19/2022,49.37842178,49.56797499,48.62021255,49.09409377,741250
5/22/2022,49.85230255,50.13663417,49.37842133,49.85230255,353510
5/23/2022,47.48289871,49.94708332,47.48289871,49.37842367,524910
5/24/2022,46.48775101,48.14633542,46.4403636,47.48290093,461596
5/25/2022,49.28364563,49.94708004,46.48774578,46.48774578,664251
5/26/2022,48.99932098,49.37842381,48.24111172,49.28364901,485937
5/29/2022,50.23141098,50.4209642,48.99932049,49.28364851,444393
5/30/2022,51.65305328,51.65305328,50.42096283,50.61051604,1199148
5/31/2022,51.93737793,52.69558711,50.70528755,51.65304994,2782312
6/1/2022,50.23141098,52.03216112,49.85230455,52.03216112,590086
6/2/2022,48.90454102,50.23140989,48.80976622,50.04185668,489845
6/5/2022,50.23141098,50.515739,48.90454207,48.90454207,344289
6/6/2022,50.80006409,51.4634985,50.23140808,50.23140808,417603
6/7/2022,49.66275406,50.70529131,49.28364763,50.70529131,429438
6/8/2022,50.4209671,50.70529514,49.28365135,49.37842615,388793
6/9/2022,50.98961639,50.98961639,49.85230079,50.1366324,227098
6/12/2022,50.23141098,51.55827989,50.23141098,50.89484543,384969
6/13/2022,49.09409714,50.32618767,48.99932233,50.32618767,343692
6/14/2022,49.66275406,50.04185687,47.19856951,49.09409442,557061
6/15/2022,49.37842178,49.94708142,48.99931898,49.66275341,267081
6/16/2022,50.4209671,50.70529514,48.80977008,49.85230742,899651
6/19/2022,47.95677567,49.75752566,47.86200087,49.75752566,308797
6/20/2022,49.75753021,49.75753021,47.86200525,47.86200525,326862
6/21/2022,49.94708252,50.61051697,49.8523041,49.8523041,309990
6/22/2022,48.33588409,50.04185575,48.33588409,49.85230254,202788
6/23/2022,49.18887711,49.18887711,48.05156134,48.52544261,342028
6/26/2022,49.75753021,50.23141145,49.09409575,49.28364897,223674
6/27/2022,48.80976868,49.85230598,48.52544065,49.75753118,201549
6/28/2022,49.18887711,49.28365191,48.43066418,48.71499584,256303
6/29/2022,50.04185867,50.04185867,49.09409618,49.1888746,287696
6/30/2022,49.66275406,50.4209633,49.66275406,49.94708207,326715
7/3/2022,49.75753021,49.94708343,49.56797699,49.56797699,175501
7/4/2022,48.80976868,49.66275637,48.33588743,49.66275637,317805
7/5/2022,48.33588409,49.28364653,48.05155609,49.28364653,227934
7/6/2022,48.80976868,49.28364993,47.95678098,47.95678098,446923
7/13/2022,47.57767868,49.28365047,47.57767868,48.80976922,563589
7/14/2022,49.18887711,49.18887711,47.19857361,47.48290165,542991
7/17/2022,48.33588409,49.47319974,48.2411093,49.28364653,405775
7/18/2022,47.76723099,48.62021506,47.48289935,48.33588704,743846
7/19/2022,47.76723099,48.05155901,47.57767777,47.76723099,427769
7/20/2022,48.43066025,48.52543866,47.5776762,47.95677902,810754
7/21/2022,48.52544022,48.52544022,47.76723095,48.4306618,427463
7/24/2022,48.99932098,49.37842381,48.52543974,48.52543974,474423
7/25/2022,49.66275406,49.94708207,48.8097664,48.9045412,387128
7/26/2022,49.94708252,50.04185732,49.56797609,49.6627545,338801
7/27/2022,50.04185867,50.23141189,49.75753065,50.04185867,255060
7/28/2022,49.47320175,50.04185779,49.28364853,49.85230457,260525
7/31/2022,49.75753021,49.85230501,49.56797699,49.85230501,156453
8/1/2022,50.04185867,50.04185867,49.37842421,49.75753065,300259
8/2/2022,49.94708252,50.70529177,49.7575293,50.04185732,403564
8/3/2022,50.61051559,50.61051559,49.75752795,49.94708117,341604
8/4/2022,50.61051559,50.70529039,50.13663438,50.23140917,141524
8/7/2022,50.4209671,50.70529514,50.32618868,50.70529514,168798
8/8/2022,50.70529175,50.80006655,50.13663572,50.23141052,167580
8/9/2022,50.04185867,50.51573992,50.04185867,50.3261867,182150
8/10/2022,50.61051559,50.61051559,49.66275316,49.85230275,187539
8/11/2022,51.1791687,51.1791687,50.42095952,50.61051272,328203
8/14/2022,51.08439636,51.17917116,50.70528994,51.08439636,112193
8/15/2022,50.80006409,51.1791705,50.42096129,51.1791705,135316
8/16/2022,50.61051559,50.80006519,50.23140917,50.61051559,183538
8/17/2022,51.74782944,51.74782944,50.42096415,50.70529217,457716
8/18/2022,51.84260559,52.60081481,51.74782718,51.74782718,729190
8/21/2022,51.84260559,51.84260559,51.84260559,51.84260559,0
8/22/2022,50.32618713,51.08440002,50.32618713,51.08440002,289502
8/23/2022,50.80006409,51.7478265,50.23140808,50.6105145,417762
8/24/2022,50.04185867,50.70529314,50.04185867,50.23141189,225185
8/25/2022,50.61051559,50.61051559,49.94708117,50.13663438,154937
8/28/2022,50.04185867,50.42096511,49.37842421,49.37842421,206186
8/29/2022,50.4209671,50.80006994,50.13663907,50.32618868,277936
8/30/2022,50.13663864,50.6105199,50.13663864,50.6105199,171519
8/31/2022,50.23141098,50.23141098,49.66275494,50.13663618,775326
9/1/2022,49.47320175,50.13663621,49.47320175,49.85230457,280525
9/4/2022,50.04185867,50.23141189,49.09409618,49.28364941,149776
9/5/2022,49.47320175,50.04185779,49.47320175,50.04185779,136350
9/6/2022,49.94708252,49.94708252,49.47320129,49.7575293,344771
9/7/2022,48.43066025,49.75752914,48.43066025,49.75752914,145688
9/8/2022,48.80976868,49.56797795,48.1463342,49.37842473,464213
9/11/2022,48.99932098,49.09409579,48.80976776,48.80976776,117176
9/12/2022,49.85230255,49.94708096,49.09409333,49.28364654,212395
9/13/2022,50.98961639,51.0843948,49.473198,49.757526,377955
9/14/2022,49.94708252,50.32618534,49.7575293,50.23141054,184469
9/15/2022,50.4209671,50.4209671,49.6627578,50.04186065,580764
9/18/2022,50.04185867,50.61051834,49.66275585,50.04185867,196782
9/19/2022,49.37842178,49.852303,49.09409377,49.37842178,193169
9/20/2022,50.23141098,50.98962023,49.56797653,49.66275494,389950
9/21/2022,51.1791687,51.1791687,49.37841873,49.75752513,492017
9/25/2022,49.75753021,51.74782997,49.47320219,49.66275541,361505
9/26/2022,49.85230255,50.51573698,49.28364654,49.28364654,460377
9/27/2022,49.47320175,50.70529224,49.47320175,49.94708299,411986
9/28/2022,49.85230255,50.51573698,49.75752775,50.13663417,232311
9/29/2022,50.4209671,50.70529514,49.85230742,49.85230742,172130
10/2/2022,50.70529175,51.36872619,50.32618532,50.70529175,273524
10/3/2022,51.36872482,52.12693405,50.70529039,50.8948436,597662
10/4/2022,51.36872482,51.36872482,51.36872482,51.36872482,0
10/5/2022,53.0746994,53.0746994,51.08439962,51.74783047,541173
10/6/2022,52.50603867,53.45380107,52.22170705,53.07469466,576068
10/9/2022,50.32618713,52.41126535,50.32618713,52.41126535,329068
10/10/2022,51.1791687,51.46349669,50.23140632,50.32618111,378621
10/11/2022,50.51573944,51.36872712,50.51573944,51.2739487,213126
10/12/2022,50.32618713,50.9896216,50.32618713,50.8948468,163399
10/13/2022,51.84260559,52.79036802,50.51573674,50.51573674,730360
10/16/2022,52.50603867,53.07469466,51.65305106,52.12693226,307626
10/17/2022,53.26425171,53.54857973,52.69559206,52.79037047,505377
10/18/2022,54.3067894,54.3067894,53.35902692,53.35902692,1384949
10/19/2022,54.87544632,54.97022112,53.83290547,54.11723348,667685
10/20/2022,53.16947174,54.97022183,52.50604092,54.68589382,844150
10/23/2022,53.0746994,53.73813387,52.69559296,53.1694742,234072
10/24/2022,54.3067894,54.40156782,52.60081766,53.0746989,529614
10/25/2022,52.97992325,54.68589496,52.12693558,54.02246051,577234
10/26/2022,53.0746994,53.0746994,51.65305567,52.50604335,259524
10/27/2022,51.65305328,53.26425016,51.65305328,52.97992215,300042
10/30/2022,53.0746994,53.0746994,51.27394923,51.46350245,172462
10/31/2022,53.0746994,53.0746994,53.0746994,53.0746994,0
11/1/2022,52.97992325,53.26425126,52.60081682,53.07469805,165386
11/2/2022,53.4538002,53.4538002,52.6008126,53.0746938,246107
11/3/2022,52.50603867,53.45380107,52.12693226,53.45380107,256173
11/6/2022,52.97992325,53.45380448,52.69559162,53.45380448,114657
11/7/2022,53.92768478,53.92768478,52.4112627,52.88514392,361198
11/8/2022,54.21201324,54.21201324,53.6433536,53.92768523,249496
11/9/2022,54.02246094,54.11723574,53.35902648,54.11723574,159615
11/10/2022,54.02246094,54.02246094,52.50604243,53.83290772,178590
11/13/2022,53.83290482,54.02245802,53.45380202,53.45380202,153396
11/14/2022,54.02246094,54.68589539,53.5485797,53.5485797,288258
11/15/2022,53.64335251,54.30678694,53.07469649,54.30678694,252648
11/16/2022,53.54857635,53.54857635,53.07469515,53.07469515,261668
11/17/2022,53.73812866,53.73812866,53.16946905,53.64335025,206930
11/20/2022,53.16947174,54.02245939,53.07469694,54.02245939,155955
11/21/2022,51.93737793,53.16946831,50.89484075,53.16946831,256490
11/22/2022,52.88514328,52.88514328,51.17917162,51.46349962,139227
11/24/2022,52.88514328,52.88514328,50.98961841,52.88514328,203440
11/27/2022,50.98961639,52.126932,50.98961639,51.74782559,157345
11/28/2022,50.89484024,50.89484024,49.47319668,50.89484024,311944
11/29/2022,49.47320175,50.98962026,49.18887373,50.80006704,360298
11/30/2022,50.4209671,50.4209671,49.37842615,49.47320458,672085
12/1/2022,50.61051559,51.08439681,50.23140917,51.08439681,230847
12/4/2022,50.80006409,51.1791705,50.6105145,51.1791705,155128
12/5/2022,49.56797409,50.98961773,49.56797409,50.32618331,496090
12/6/2022,49.85230255,49.85230255,49.28364654,49.75752775,176880
12/7/2022,49.37842178,50.89484386,49.37842178,49.66275341,266714
12/8/2022,50.04185867,50.13663709,49.28364941,49.47320263,375785
12/11/2022,49.85230255,50.23140897,49.75752775,49.75752775,77627
12/12/2022,49.94708252,50.42096375,48.80976684,49.8523041,428914
12/13/2022,49.56797409,50.51573652,49.56797409,49.94708051,389288
12/14/2022,50.4209671,50.61052033,49.85230742,50.04186065,161309
12/15/2022,50.89484024,50.89484024,50.04185266,50.23140586,631194
12/18/2022,50.51573944,50.89484588,50.32618622,50.51573944,44575
12/19/2022,51.1791687,51.1791687,50.13663153,50.23140632,114337
12/20/2022,50.98961639,51.1791696,49.9470792,50.32618199,178360
12/21/2022,50.04185867,51.08439958,50.04185867,51.08439958,91628
12/22/2022,50.04185867,50.51573992,49.85230545,50.04185867,75749
12/25/2022,49.85230255,50.32618377,49.85230255,49.94708096,32897
12/26/2022,50.23141098,50.80006702,50.04185776,50.70529222,46263
12/27/2022,50.23141098,50.61051741,49.94708296,50.23141098,44555
12/28/2022,50.51573944,50.70529266,50.23141142,50.32618622,115287
12/29/2022,50.70529175,50.80006655,50.23141052,50.42096373,90159
1/1/2023,50.70529175,50.70529175,50.42096373,50.70529175,33658
1/2/2023,50.51573944,50.61051786,50.13663662,50.42096464,123744
1/3/2023,50.51573944,50.51573944,50.51573944,50.51573944,0
1/4/2023,49.94708252,49.94708252,49.56797609,49.7575293,235074
1/5/2023,49.28364563,49.94708004,48.90453922,49.85230163,371797
1/8/2023,48.99932098,49.47320222,48.90454257,49.47320222,150986
1/9/2023,50.61051559,50.61051559,48.80976552,48.80976552,499113
1/10/2023,51.08439636,51.08439636,50.13663393,50.51573674,344484
1/11/2023,50.70529175,51.08439818,50.70529175,50.89484496,219061
1/12/2023,51.08439636,51.17917116,50.80006474,50.80006474,396209
1/15/2023,51.08439636,51.08439636,51.08439636,51.08439636,0
1/16/2023,52.12693024,52.12693024,51.46349586,51.55827426,261206
1/17/2023,51.1791687,52.12693108,50.89484071,52.03215629,338675
1/18/2023,51.1791687,52.12693108,50.89484071,52.03215629,338675
1/19/2023,53.0746994,53.0746994,52.31649013,52.79037138,151427
1/22/2023,53.0746994,53.0746994,53.0746994,53.0746994,0
1/23/2023,52.60081482,52.60081482,51.17917118,51.9373804,229502
1/24/2023,52.12693024,52.22170503,51.74782384,52.12693024,166846
1/25/2023,51.84260559,51.84260559,51.46349917,51.65305238,142455
1/26/2023,50.23141098,52.03216112,50.23141098,51.8426079,286690
1/29/2023,50.70529175,50.70529175,50.23141052,50.70529175,89305
1/30/2023,51.74782944,51.74782944,50.23141093,50.23141093,303205
1/31/2023,52.50603867,52.97991987,51.17916985,51.17916985,472906
2/1/2023,52.69559097,52.79036939,52.03216015,52.03216015,136136
2/2/2023,51.65305328,52.60081573,51.65305328,52.60081573,132110
2/5/2023,51.36872482,52.12693405,51.17917161,51.65305283,93163
2/6/2023,50.23141098,51.46350147,50.13663618,51.36872667,245635
2/7/2023,49.75753021,50.80006749,49.75753021,50.51573947,258541
2/8/2023,50.89484024,50.98961503,49.66274988,49.66274988,134347
2/9/2023,49.75753021,50.98962071,49.75753021,50.80006749,227800
2/12/2023,49.75753021,49.75753021,49.75753021,49.75753021,0
2/13/2023,50.13663864,50.80006951,50.13663864,50.42096667,280535
2/14/2023,53.0746994,53.0746994,50.51573996,50.51573996,430984
2/15/2023,52.69559097,52.88514419,51.84260693,52.88514419,191328
2/16/2023,52.31648636,52.60081436,52.12693315,52.50603957,146905
2/19/2023,52.41126251,52.97992215,52.2217093,52.97992215,39541
2/20/2023,52.22170639,52.22170639,51.6530504,52.22170639,74627
2/21/2023,51.55827713,52.12693314,50.89484271,51.65305193,218726
2/23/2023,51.84260559,52.0321588,51.27394596,51.46349917,149800
2/26/2023,52.12693024,52.79036462,51.84260225,51.84260225,260966
2/27/2023,50.51573944,51.93738316,50.51573944,51.46350192,184509
2/28/2023,49.75753021,50.61051789,49.75753021,50.42096467,608090
3/1/2023,50.61051559,50.8948436,50.04185596,50.04185596,307
3/2/2023,50.32618713,51.17917483,50.32618713,50.80006838,500
3/5/2023,51.1791687,51.27394349,50.32618111,50.32618111,301
3/6/2023,51.1791687,51.1791687,51.1791687,51.1791687,0
3/7/2023,51.1791687,51.1791687,51.1791687,51.1791687,0
3/8/2023,51.93737793,51.93737793,51.17916875,51.17916875,982
3/9/2023,51.93737793,51.93737793,51.93737793,51.93737793,0
3/12/2023,51.93737793,51.93737793,51.93737793,51.93737793,0
3/13/2023,51.93737793,51.93737793,51.93737793,51.93737793,0
3/14/2023,52.12693024,53.54857379,52.12693024,52.12693024,1000
3/15/2023,50.70529175,52.12693544,50.13663572,51.55827941,764
3/16/2023,50.61051559,51.36872482,50.61051559,50.80006519,500
3/19/2023,50.61051559,50.61051559,50.61051559,50.61051559,0
3/20/2023,51.84260559,51.84260559,51.08439637,51.08439637,500
3/21/2023,50.80006409,51.84260491,50.80006409,51.84260491,353
3/22/2023,51.1791687,51.3687219,50.89484071,50.89484071,401
3/23/2023,51.84260559,51.84260559,51.17917117,51.17917117,8921
3/26/2023,51.84260559,51.84260559,51.84260559,51.84260559,0
3/27/2023,51.84260559,51.84260559,51.84260559,51.84260559,0
3/28/2023,51.84260559,51.84260559,51.84260559,51.84260559,0
3/29/2023,52.97992325,52.97992325,52.4112636,52.69559162,948
3/30/2023,53.4538002,53.4538002,52.79036581,52.97991901,1200
4/2/2023,53.4538002,53.4538002,53.4538002,53.4538002,0
4/3/2023,52.88514328,53.2642497,52.03215926,52.88514328,1778
4/4/2023,52.60081482,52.97992124,52.41126161,52.97992124,3184
4/5/2023,53.0746994,53.0746994,52.69559296,52.88514618,2826
4/6/2023,53.83290482,53.83290482,53.0746956,53.0746956,1000
4/9/2023,55.44410324,56.01275926,54.49634079,54.49634079,450
4/10/2023,54.87544632,55.91798355,54.68589311,55.44410233,1400
4/11/2023,54.97022247,55.4441037,54.78066926,54.97022247,588
4/12/2023,55.74172974,55.74172974,54.97021863,55.45241353,508
4/13/2023,54.87378311,55.74173176,54.87378311,55.74173176,630
4/16/2023,55.1631012,55.35597991,54.87378497,54.97022249,300
4/17/2023,55.1631012,55.74173365,54.29514884,54.29514884,7738
4/25/2023,56.89900208,56.89900208,55.16310105,55.25953857,300
4/26/2023,56.80256271,56.89900023,56.3203678,56.89900023,312
4/27/2023,56.80256271,56.80256271,55.93461039,56.80256271,865
4/30/2023,56.80256271,56.80256271,56.80256271,56.80256271,0
5/1/2023,56.80256271,56.80256271,56.80256271,56.80256271,0
5/2/2023,56.51324463,56.60968582,55.74173347,55.93461218,445
5/3/2023,56.51324463,56.51324463,55.93461218,55.93461218,732
5/4/2023,56.80256271,56.89900023,56.22392661,56.3203678,4238
5/7/2023,56.51324463,56.89900205,56.3203696,56.80256453,500
5/8/2023,55.54885483,56.51324469,55.54885483,56.51324469,329
5/9/2023,55.83817291,55.83817291,54.58446318,55.45241551,1000
5/10/2023,55.83817291,55.83817291,55.16309929,55.83817291,507
5/11/2023,55.83817291,55.83817291,55.16309929,55.2595368,300
5/14/2023,55.25953674,55.93461036,55.16309923,55.93461036,381
5/15/2023,54.87378311,55.35597803,54.87378311,55.16309933,282
5/16/2023,54.10226822,55.45241546,53.9093932,54.97022054,773
5/17/2023,55.1631012,55.1631012,54.19871133,54.19871133,450
5/18/2023,54.68090439,55.25953682,54.68090439,54.9702206,606
5/21/2023,54.77733994,55.25953484,54.58446124,54.68090243,600
5/22/2023,54.77733994,55.25953484,54.68090243,55.06665614,865
5/23/2023,54.97022247,55.74173363,54.87378496,54.97022247,339
5/24/2023,54.68090439,55.16309931,54.5844632,54.9702206,2040
5/25/2023,54.29514694,54.97022056,54.00583073,54.87378305,786
5/28/2023,53.81295013,54.58446124,53.81295013,54.39158622,326
5/29/2023,53.81295013,54.19870753,53.42719642,53.81295013,500
5/30/2023,53.81295013,54.48802373,53.62007144,54.48802373,540
5/31/2023,52.75212479,54.19870954,52.75212479,53.52363592,9820
6/1/2023,52.55924606,53.23431968,52.55924606,52.94500347,2000
6/4/2023,53.04143906,53.23431775,52.55924416,52.84856036,300
6/5/2023,54.97022247,54.97022247,53.04144274,53.04144274,318
6/6/2023,54.58446503,54.97022245,54.2951488,54.97022245,329
6/7/2023,55.25953674,55.25953674,54.58446312,54.77734183,1000
6/8/2023,52.55924606,53.23431968,52.55924606,52.94500347,1684
6/11/2023,55.83817291,56.41680534,55.64529421,55.93461042,320
6/12/2023,57.18831635,57.57407375,55.06665798,55.83817279,397
6/13/2023,56.41680527,57.67051132,56.41680527,57.09187889,350
6/14/2023,61.72095108,61.72095108,56.60968555,56.60968555,300
6/15/2023,63.26397324,66.73577525,61.81738845,61.81738845,1002
6/18/2023,64.80699158,65.57850636,63.36040688,63.36040688,250
6/19/2023,61.431633,64.80699373,60.75655938,64.80699373,1008535
6/20/2023,60.75656128,62.685341,60.75656128,60.94943999,787580
6/21/2023,59.88860703,61.23875426,58.92421719,61.14231675,777616
6/22/2023,58.53846359,61.14231688,58.53846359,59.79216964,584003
7/2/2023,60.94943619,60.94943619,58.63489919,59.11709409,341438
7/3/2023,63.07109833,63.26397336,60.27436626,60.9494399,979809
7/4/2023,62.01026917,64.03548634,61.72094927,63.36040904,742510
7/5/2023,61.23875427,62.29958162,61.23875427,62.01026908,427630
7/6/2023,62.68534088,62.87821591,61.23875609,61.23875609,431545
7/9/2023,62.87821198,63.16753186,61.72094716,62.68533696,237402
7/10/2023,62.01026917,62.974659,62.01026917,62.20314419,335252
7/11/2023,63.74616623,65.48207086,62.01026895,62.20314397,852566
7/12/2023,64.51768494,64.80699749,63.16753762,63.8426076,532002
7/13/2023,64.32479858,64.99987588,63.45685362,64.71055599,727258
7/16/2023,63.16753769,64.42124749,63.07110017,64.42124749,521950
7/17/2023,63.45685196,65.19274919,62.39601729,63.16753208,1230157
7/18/2023,62.97465897,64.42124371,62.49246405,63.45685388,941828
7/19/2023,63.3604126,64.51768488,62.39602271,62.68534262,620547
7/20/2023,64.13191986,65.9642619,63.84259999,63.93904485,2170084
7/23/2023,64.71055603,65.57850835,63.84260371,64.51768101,547387
7/24/2023,63.55329132,64.99987607,63.55329132,64.61411866,552914
7/25/2023,64.90343475,65.86782453,63.84260012,63.93904498,945797
7/26/2023,65.77138519,65.96426758,64.5176828,64.61412031,519749
7/27/2023,67.79660797,68.08592051,65.57850842,65.96426582,1360074
7/30/2023,65.67494965,68.47168178,65.57851213,68.18236187,965216
7/31/2023,66.44646454,66.83222196,65.19275475,65.7713872,527525
8/1/2023,65.19275665,66.83222392,65.19275665,66.44646648,351417
8/2/2023,61.72095108,64.61412066,61.62451357,64.61412066,1458951
8/3/2023,61.72095108,62.49246591,60.56368251,61.23875615,703933
8/6/2023,60.27436447,61.91382424,59.69573204,61.14231679,465253
8/7/2023,61.23875427,61.72094919,60.08148574,60.27436444,590233
8/8/2023,60.75656128,61.72095114,60.75656128,60.75656128,339335
8/9/2023,59.02065659,60.66011998,58.53846168,60.66011998,696022
8/10/2023,62.68534088,62.97466078,59.11709766,59.11709766,926446
8/13/2023,63.64972687,64.13192177,62.68533707,62.68533707,646290
8/14/2023,63.3604126,64.9034423,63.07110005,63.64973251,718471
8/15/2023,63.93905258,64.22836513,62.7817803,63.45685764,457832
8/16/2023,64.61412048,65.09631541,63.26397321,63.55329311,652018
8/17/2023,64.71055603,64.80699354,63.45685367,63.93904858,459370
8/20/2023,64.42124176,65.38563156,64.13192188,64.61411678,595903
8/21/2023,65.09631348,65.2891885,64.42124354,64.42124354,352623
8/22/2023,62.39601898,64.71055604,62.39601898,64.61411853,491229
8/23/2023,62.68534088,63.26397333,62.49246585,62.49246585,287066
8/24/2023,63.64972687,64.42124165,62.78177458,62.97465695,284874
8/27/2023,64.90343475,65.77137966,63.6497251,63.6497251,407590
8/28/2023,64.61412048,65.38563531,63.74616814,63.84260565,350420
8/29/2023,64.13191986,65.19274714,64.03548236,65.09630963,215980
8/30/2023,64.13191986,64.71055225,64.03548236,64.42123974,282118
8/31/2023,61.14231873,64.03548831,60.94944002,63.45685587,1179546
9/3/2023,62.49246597,62.49246597,61.1423187,61.1423187,297452
9/4/2023,61.91382217,62.68533696,61.91382217,62.10670455,288828
9/5/2023,60.75656128,62.20314607,60.17792883,61.91382617,390399
9/6/2023,59.59928894,60.85299495,59.59928894,60.08148384,710722
9/7/2023,60.56368256,61.04587749,59.69573389,59.69573389,476795
9/10/2023,60.56368256,60.56368256,60.56368256,60.56368256,0
9/11/2023,60.75656128,60.75656128,59.11709778,59.79217142,432240
9/12/2023,59.50285339,60.85299695,59.21353718,60.85299695,381921
9/13/2023,60.56368256,61.23875619,59.59929269,59.69573389,389105
9/14/2023,60.85299683,61.04587553,59.888607,60.4672431,815769
9/17/2023,60.85299683,60.85299683,60.85299683,60.85299683,0
9/18/2023,60.94943619,61.91382231,60.75655749,60.75655749,365059
9/19/2023,61.23875427,61.91382421,60.85299687,60.85299687,212137
9/20/2023,62.10670853,62.39602107,61.14231867,61.72095111,359878
9/21/2023,60.27436447,62.10670662,60.27436447,62.10670662,198582
9/25/2023,59.30997467,60.75655942,59.30997467,60.2743645,360156
9/26/2023,60.17792892,61.33519382,58.82778164,59.30997658,444373
9/27/2023,62.29957962,62.87821203,60.27436251,60.6601199,373178
9/28/2023,61.33518982,63.0710944,61.23875231,62.29957962,436447
10/1/2023,61.33518982,61.33518982,61.33518982,61.33518982,0
10/2/2023,60.75656128,61.62451363,60.66012376,60.66012376,198099
10/3/2023,61.72095108,62.87821597,59.79217136,59.79217136,623270
10/4/2023,61.04587555,62.10670657,60.46724312,61.23875425,211784
10/5/2023,61.23875427,61.43163297,60.85299687,60.85299687,197303
10/8/2023,59.69573212,61.23875438,59.59929093,61.23875438,197003
10/9/2023,57.67050934,60.08148384,56.51324084,59.11709404,1433785
10/10/2023,58.44202423,59.11709787,57.76695427,57.86339178,370149
10/11/2023,57.86339188,59.11709796,56.99543953,58.44202432,876993
10/12/2023,55.93461227,58.15270823,55.54885486,57.86339201,610118
10/15/2023,55.93461227,56.80256463,55.93461227,56.41680721,162248
10/16/2023,55.25953674,56.51324279,54.58446312,56.12748907,1006718
10/17/2023,54.58446503,55.54885489,54.58446503,54.97022245,1073989
10/18/2023,54.1987114,56.03104994,53.71651646,54.58446514,828408
10/19/2023,53.81295013,54.77733993,53.23431773,54.19870753,652746
10/22/2023,53.13787842,54.29514696,52.8485622,53.81295204,228513
10/23/2023,51.30554199,53.81295419,51.30554199,53.13788054,435701
10/24/2023,52.65568542,53.13788036,51.30554181,51.30554181,349161
10/25/2023,53.23432159,54.39159017,52.65568546,52.65568546,372590
10/26/2023,51.98061371,54.10226841,51.78773501,54.0058309,393268
10/29/2023,51.98061371,52.36636744,51.5948563,52.17348873,242383
10/30/2023,54.3915863,54.58446132,51.9806118,52.17348682,501337
10/31/2023,53.90939331,54.58446325,53.3307572,54.48802574,379005
11/1/2023,53.23432159,54.39159017,52.84856417,53.90939524,311725
11/2/2023,52.4628067,53.81295022,52.4628067,53.62007152,418596
11/5/2023,52.84856033,53.13787654,52.46280662,52.94500152,270767
11/6/2023,52.75212479,52.8485623,52.26992987,52.8485623,492324
11/7/2023,53.52363586,53.90939327,52.46280852,52.65568354,475768
11/8/2023,53.4271965,53.71651271,52.65568172,53.62007152,280717
11/9/2023,51.98061371,53.13787857,51.78773501,53.13787857,897824
11/12/2023,52.26993179,52.4628105,51.69129566,51.88417437,1009731
11/13/2023,52.26993179,52.55924802,51.78773686,52.07705308,940197
11/14/2023,52.4628067,53.13787662,52.07704931,52.07704931,378256
11/15/2023,52.07704926,52.75212285,51.59485435,52.55924416,1054097
11/16/2023,52.17348862,52.36636732,51.59485619,51.98061359,913004
11/19/2023,51.88417435,52.36636928,51.88417435,52.17349057,552655
11/20/2023,52.84856033,53.13787654,51.88417053,51.88417053,1752236
11/21/2023,54.10226822,54.10226822,52.94500336,52.94500336,1178351
11/22/2023,53.13787842,54.19870944,53.13787842,54.10226825,821242
11/23/2023,53.13787842,54.19870944,53.13787842,54.10226825,821242
11/26/2023,53.62007523,54.00583264,53.13788029,53.52363771,338427
11/27/2023,52.75212479,53.62007343,52.75212479,53.52363592,858572
11/28/2023,53.04143906,53.33075526,52.75212285,52.84856036,531698
11/29/2023,53.23432159,53.4272003,52.84856417,53.23432159,281106
11/30/2023,53.81295013,53.81295013,52.94500152,53.04143903,804973
12/3/2023,55.45241547,56.4168053,53.7165145,53.81295201,993410
12/4/2023,54.87378311,55.93461046,54.68090441,55.74173176,401062
12/5/2023,55.3559761,55.93460851,54.8737812,54.97021871,672717
12/6/2023,56.22392654,57.76695248,55.64529412,55.83817282,1572992
12/7/2023,55.06665802,56.32036775,54.77734181,56.22392656,518091
12/10/2023,55.645298,56.12749295,54.77734562,55.25954057,798812
12/11/2023,55.45241547,56.12748909,55.35597795,55.64529417,938380
12/12/2023,55.83817291,56.03104794,55.355978,55.83817291,718268
12/13/2023,54.58446503,55.93461231,54.39159,55.93461231,570438
12/14/2023,54.00583267,55.06666006,54.00583267,54.68090632,1131102
12/17/2023,54.58446503,54.97022245,54.39159,54.97022245,366174
12/18/2023,54.00583267,54.77734383,53.71651645,54.77734383,681889
12/19/2023,54.58446503,54.87378493,53.90939506,54.10227009,806367
12/20/2023,55.45241547,56.4168053,55.06665806,56.32036779,2272813
12/21/2023,54.97022247,55.35597989,54.68090625,55.35597989,671535
12/24/2023,54.97022247,55.16310118,54.58446505,55.06665999,354198
12/25/2023,54.77733994,55.16309733,54.58446124,54.97021863,409760
12/26/2023,54.58446503,54.97022245,54.58446503,54.97022245,550563
12/27/2023,54.3915863,54.8737812,53.9093914,54.68090251,861977
12/28/2023,54.1987114,54.3915901,53.81295398,54.29514891,687040
12/31/2023,53.81295013,54.39158622,53.62007144,54.19870753,802221
1/1/2024,53.52363586,53.71651457,53.23431965,53.62007338,968225
1/2/2024,56.51324463,56.70612334,53.52363752,53.52363752,4200183
1/3/2024,55.645298,57.47763661,55.645298,56.51324671,1711382
1/4/2024,58.82778168,59.59929283,55.16310093,55.35597964,2500920
1/7/2024,59.21353912,59.79217157,58.44202429,58.82778171,831601
1/8/2024,58.92422104,59.40641599,58.24915106,58.82778352,891985
1/9/2024,60.37080002,60.94943611,58.82777781,59.2135352,1186977
1/10/2024,60.46724319,60.75655941,59.30997466,60.27436449,666360
1/11/2024,60.75656128,60.94943999,59.59929271,60.17792883,611539
1/14/2024,60.27436447,60.27436447,58.82777972,59.79216956,444814
1/15/2024,60.94943619,61.14231488,59.59928899,60.17792508,689950
1/16/2024,60.85299683,60.94943802,60.37080191,60.94943802,418546
1/17/2024,60.46724319,61.81738675,60.46724319,60.6601219,727490
1/18/2024,59.40641403,60.75656131,59.02066029,60.37080389,578510
1/21/2024,59.40641403,60.46724509,58.9242191,59.11709781,664157
1/22/2024,59.40641403,59.40641403,59.40641403,59.40641403,0
1/23/2024,57.28475952,58.73134432,57.18831833,58.73134432,725886
1/24/2024,56.70611954,57.86338803,56.70611954,57.76695053,888572
1/25/2024,57.57407379,58.15270622,56.89900017,56.89900017,1069476
1/28/2024,57.18831635,58.05626867,57.09187883,57.38119505,574443
1/29/2024,57.28475952,57.38119704,56.80256459,57.28475952,308324
1/30/2024,55.06665802,57.38119509,54.97022051,57.28475758,999490
1/31/2024,55.06665802,56.12748904,54.97022051,55.06665802,859800
2/1/2024,55.06665802,55.64529413,54.48802559,55.06665802,915051
2/4/2024,55.645298,56.03105176,55.06666186,55.25954057,1017800
2/5/2024,56.12748718,56.9954358,55.64529228,55.83817098,1398642
2/6/2024,57.47763443,57.47763443,55.74173341,56.22392834,1035007
2/7/2024,56.89900208,57.09188078,54.00583248,55.45241728,4779598
2/8/2024,56.89900208,57.09188078,54.00583248,55.45241728,4779598
2/11/2024,56.12748718,58.15270429,55.64529228,58.15270429,1287828
2/12/2024,55.93461227,56.41680721,55.45241734,56.32036969,721916
2/13/2024,56.12748718,56.32036588,55.74172979,55.93460849,522179
2/14/2024,56.60968399,56.99543772,55.64529416,56.12748907,1262614
2/15/2024,56.22392654,56.70612146,55.93461033,56.70612146,810413
2/18/2024,57.09187698,57.4776307,56.12748718,56.32036588,1745969
2/19/2024,57.86339188,58.1527081,56.89900201,57.18831824,1499105
2/20/2024,57.76695251,58.05626873,56.89900019,57.86339003,1651016
2/21/2024,57.67050934,57.86338803,57.28475563,57.76695053,726415
2/25/2024,57.67050934,58.15270424,57.09187693,57.28475563,1098337
2/26/2024,57.09187698,57.86338809,57.09187698,57.86338809,1267580
2/27/2024,56.89900208,56.89900208,56.51324466,56.89900208,870024
2/28/2024,56.89900208,57.38119701,56.60968585,56.80256456,829298
2/29/2024,56.70611954,57.09187693,56.60968203,56.99543574,925656
3/3/2024,56.70611954,57.28475563,56.51324084,56.70611954,536155
3/4/2024,55.54885483,56.8025646,55.54885483,56.8025646,872848
3/5/2024,55.54885483,55.54885483,55.54885483,55.54885483,0
3/6/2024,56.51324463,56.70612334,55.83817467,56.12749089,593480
3/7/2024,57.28475952,58.53846561,56.12749095,56.41680717,2190640
3/10/2024,56.70611954,57.86338803,56.60968203,57.28475563,707110
3/11/2024,56.41680527,56.9954377,55.93461035,56.89900018,802279
3/12/2024,55.74172974,56.60968203,55.54885104,56.32036582,1497265
3/13/2024,56.70611954,56.80256072,55.83817092,55.93460843,1156120
3/14/2024,55.93461227,56.89900214,55.74173357,56.70612343,2302504
3/17/2024,55.93461227,56.2239285,55.54885486,55.83817476,953859
3/18/2024,56.03104782,56.22392652,55.16309918,55.93461031,934198
3/19/2024,55.74172974,56.80256072,55.54885104,56.41680333,1402818
3/20/2024,55.54885483,55.93461225,55.2595386,55.74173354,1159623
3/21/2024,55.3559761,55.93460851,55.3559761,55.83817101,559409
3/24/2024,55.74172974,55.83817092,55.35597602,55.54885104,342462
3/25/2024,55.3559761,56.03104602,55.3559761,55.74172982,467066
3/26/2024,55.1631012,55.64529613,55.1631012,55.45241742,653713
3/27/2024,55.3559761,55.64529231,54.97021871,55.06665622,540790
3/28/2024,55.1631012,55.64529613,55.1631012,55.54885494,501939
3/31/2024,55.54885483,55.64529602,55.16310109,55.3559798,322327
4/1/2024,54.97022247,55.74173363,54.97022247,55.64529612,383248
4/2/2024,55.1631012,55.25953871,54.58446507,55.25953871,512061
4/3/2024,55.65387344,56.04649111,55.65387344,55.94833763,658270
4/4/2024,56.04649353,56.24280424,55.55571862,55.85018656,572199
4/15/2024,56.8317337,57.22435137,56.24280159,56.34095881,1027030
4/16/2024,55.94833755,56.63542315,55.85018407,56.63542315,1054088
4/17/2024,56.8317337,56.92988718,55.85018392,56.04649088,1086286
4/18/2024,56.73357773,57.02804192,56.34096005,56.92988844,741378
4/21/2024,57.42066193,58.10774752,57.12619774,57.71512611,1381265
4/22/2024,57.42066193,57.71512611,56.43911215,57.71512611,1507015
4/23/2024,57.02804184,57.42066326,56.63542417,57.42066326,1242806
4/24/2024,55.65387344,57.32250882,55.45756274,57.32250882,1047427
4/25/2024,55.35940933,56.14464841,54.77047722,55.85018422,601319
4/28/2024,55.35940933,55.35940933,55.35940933,55.35940933,0
4/29/2024,55.75202942,56.04649362,55.26125451,55.45756522,690191
4/30/2024,55.75202942,55.85018665,55.06494379,55.85018665,680848
5/1/2024,55.1631012,55.65387611,55.06494397,55.55571888,437061
5/2/2024,54.96678925,55.35941067,54.77047854,55.16309996,1075571
5/5/2024,54.96678925,55.26125344,54.67232505,55.16309996,443982
5/6/2024,55.26125336,55.35941058,54.67232497,55.16309987,492108
5/7/2024,55.35940933,55.35940933,54.77047722,55.16309863,702674
5/8/2024,55.35940933,55.55571629,54.86863444,55.35940933,876623
5/9/2024,54.96678925,55.45756415,54.47601434,55.45756415,905846
5/12/2024,54.0833931,55.06494291,53.98523961,54.96678942,375134
5/13/2024,54.0833931,54.27970381,53.39631122,54.0833931,722961
5/14/2024,54.18154907,54.77047745,53.88708488,54.18154907,494039
5/15/2024,53.88708496,54.47601334,53.78892774,54.47601334,228860
5/16/2024,53.59261703,54.08339193,53.10184214,53.88708497,496009
5/19/2024,53.59261703,53.59261703,53.59261703,53.59261703,0
5/20/2024,53.20000076,53.49446496,52.80737934,53.29815425,347571
5/21/2024,52.90553665,53.20000085,52.70922594,53.00369014,421004
5/22/2024,52.80737686,53.19999827,52.51291268,52.90553409,430337
5/23/2024,52.21844864,53.00368771,52.02213794,52.90553423,558725
5/26/2024,51.82582855,52.41476068,51.72767507,52.41476068,235645
5/27/2024,51.53136444,52.70922495,51.53136444,52.70922495,517846
5/28/2024,51.33505249,51.82582738,51.23689901,51.53136319,559271
5/29/2024,51.33505249,51.9239846,50.6479669,51.33505249,1361715
5/30/2024,51.33505249,51.33505249,51.33505249,51.33505249,0
6/2/2024,51.33505249,51.33505249,51.33505249,51.33505249,0
6/3/2024,53.49446487,53.98523978,53.20000068,53.49446487,586163
6/4/2024,52.51291275,53.69077322,52.51291275,53.69077322,462650
6/5/2024,52.61106873,53.00369015,52.02214033,53.00369015,195747
6/6/2024,51.82582855,53.00368906,51.62951784,52.61106764,300630
6/9/2024,54.37786102,55.35941083,52.12029346,52.21845069,1278660
6/10/2024,55.65387344,55.94833763,54.27970225,54.37785947,1202989
6/11/2024,55.26125336,55.75202826,55.16309987,55.65387478,572646
6/12/2024,55.06494141,55.94833771,55.06494141,55.26125211,815756
6/13/2024,53.88708496,55.45756313,53.88708496,55.06494171,705596
6/23/2024,54.77047729,55.45756289,54.18154892,54.966788,321792
6/24/2024,54.96678925,55.26125344,54.67232505,55.06494273,541032
6/25/2024,55.94833755,55.94833755,54.67232359,54.96678777,830225
6/26/2024,54.96678925,55.94833905,54.96678925,55.94833905,435229
6/27/2024,55.65387344,56.04649111,54.96678785,54.96678785,515127
6/30/2024,55.65387344,55.65387344,55.65387344,55.65387344,0
7/1/2024,55.85018539,56.24280307,55.16309978,55.16309978,778397
7/2/2024,55.1631012,55.94834031,55.1631012,55.85018683,273699
7/3/2024,55.1631012,55.35941191,54.96679048,55.06494397,334569
7/4/2024,54.86863708,55.359412,54.77047986,55.06494406,542366
7/7/2024,55.65387344,56.34095904,55.06494133,55.06494133,569937
7/8/2024,56.53726578,57.02804067,55.45756252,55.45756252,1094291
7/9/2024,56.63542557,57.02804325,56.24280414,56.63542557,467278
7/10/2024,56.73357773,56.83173495,56.34096005,56.83173495,1267401
7/11/2024,56.73357773,57.12619915,56.53726702,56.73357773,1707432
7/14/2024,56.73357773,57.22435263,56.53726702,56.73357773,223685
7/15/2024,56.92988968,57.02804316,56.53726825,56.53726825,627670
7/16/2024,57.12619781,57.12619781,56.63542293,56.92988711,374306
7/17/2024,58.59852219,58.59852219,56.92988682,56.92988682,1385229
7/18/2024,58.8929863,59.2856077,58.30405793,58.59852211,1013449
7/21/2024,59.08929825,59.08929825,58.30405916,58.59852335,399165
7/22/2024,59.87453842,60.07084913,58.89298861,58.89298861,917366
7/23/2024,59.48191452,59.9726894,58.69667545,59.87453593,304914
7/24/2024,59.18745041,59.58007181,58.79483275,59.08929693,273066
7/25/2024,59.2856102,59.48191717,58.50036735,58.79483529,301208
7/28/2024,59.2856102,59.2856102,58.30406039,59.2856102,300068
7/29/2024,59.18745041,59.28560763,58.79483275,59.28560763,166911
7/30/2024,59.18745041,59.28560763,58.59852204,58.59852204,461151
7/31/2024,59.2856102,59.2856102,58.59852458,58.79483529,274481
8/1/2024,58.79483414,59.08929833,58.5003662,58.59852343,643599
8/4/2024,57.12619781,58.3040583,56.83173363,58.20590107,924545
8/5/2024,55.35940933,57.02804097,54.77047722,56.83173401,762463
8/6/2024,56.63542557,57.61697539,55.35941155,55.35941155,588239
8/7/2024,56.73357773,57.81328476,56.63542425,56.63542425,599825
8/8/2024,56.24280167,57.81328356,56.24280167,56.92988726,1269336
8/11/2024,56.24280167,56.83173378,55.850184,56.34095889,178284
8/12/2024,55.85018539,56.3409603,55.65387468,56.3409603,359617
8/13/2024,55.65387344,55.94833763,55.26125203,55.94833763,313053
8/14/2024,55.65387344,56.43911252,55.65387344,55.65387344,519329
8/15/2024,56.53726578,56.83173371,55.26125181,55.7520267,1245068
8/18/2024,56.43911362,56.92988852,56.43911362,56.5372671,661613
8/19/2024,55.55571747,56.43911379,55.26125328,56.43911379,781108
8/20/2024,55.26125336,55.65387478,55.06494265,55.55571755,468421
8/21/2024,55.06494141,55.45756282,54.77047722,55.16309863,553404
8/22/2024,54.96678925,55.55571763,54.96678925,55.06494273,774096
8/25/2024,55.35940933,55.65387352,55.0649414,55.26125211,707999
8/26/2024,55.75202942,56.14465085,55.35941173,55.5557187,1206654
8/27/2024,54.27970505,55.94834051,54.18155156,55.94834051,856605
8/28/2024,54.0833931,54.574168,53.39631122,54.37786104,738918
8/29/2024,53.3963089,54.27970144,53.3963089,54.18154796,1127773
9/1/2024,53.00368881,53.98523861,53.00368881,53.59261719,623662
9/2/2024,53.00368881,53.39631023,52.8073781,53.298153,911888
9/3/2024,54.18154907,54.18154907,53.19999928,53.29815276,704806
9/4/2024,55.06494141,55.16309863,53.00368836,53.59261673,1124930
9/5/2024,54.96678925,55.26125344,54.67232505,55.06494273,667089
9/8/2024,53.59261703,54.77047753,53.59261703,54.67232405,237076
9/9/2024,54.0833931,54.47601452,53.59261819,53.69077542,285811
9/10/2024,54.47601318,54.47601318,53.88708481,54.27970248,417595
9/11/2024,53.49446487,54.3778612,53.49446487,54.3778612,261284
9/12/2024,54.47601318,54.57416666,53.4944634,54.181549,589880
9/15/2024,54.27970505,54.77047996,53.98524085,54.67232648,166855
9/16/2024,54.47601318,54.47601318,53.6907741,54.27970248,315245
9/17/2024,53.59261703,54.47601334,53.49446355,54.47601334,513464
9/18/2024,54.37786102,54.47601451,53.4944647,53.69077541,587314
9/19/2024,54.96678925,54.96678925,54.27970363,54.47601434,676297
9/22/2024,54.96678925,55.35941067,54.96678925,54.96678925,203281
9/24/2024,55.94833755,55.94833755,54.86863429,54.96678777,724650
9/25/2024,56.73357773,56.73357773,55.85018515,55.94833864,502303
9/26/2024,56.43911362,56.73357781,55.94833872,56.73357781,393353
9/29/2024,55.06494141,56.2428019,54.86863444,56.04649119,557109
9/30/2024,54.18154907,55.06494164,54.18154907,54.77047745,587085
10/1/2024,54.67232513,54.67232513,54.083393,54.27970371,422406
10/2/2024,54.67232513,54.67232513,54.67232513,54.67232513,0
10/3/2024,53.88708496,54.18154915,53.49446355,53.88708496,584447
10/6/2024,54.57416916,55.75202971,54.18155147,54.47601567,824562
10/7/2024,55.45756531,55.45756531,54.67232619,54.67232619,505996
10/8/2024,55.75202942,55.75202942,54.57416888,55.5557187,399191
10/9/2024,54.86863708,55.75202969,54.86863708,55.75202969,164020
10/10/2024,55.06494141,55.26125211,54.57416651,55.16309863,178337
10/13/2024,55.26125336,55.65387478,54.96678916,55.16309987,243132
10/14/2024,57.12619781,57.22435129,55.16309826,55.26125174,729891
10/15/2024,57.71512604,57.81328326,56.53726556,57.02804045,722461
10/16/2024,56.24280167,57.42066215,56.24280167,57.42066215,310080
10/17/2024,55.94833755,56.53726593,55.45756266,56.24280174,199194
10/20/2024,55.75202942,55.94834013,55.26125451,55.94834013,102917
10/21/2024,56.43911362,56.43911362,55.75202801,55.75202801,209215
10/22/2024,55.55571747,56.43911379,55.26125328,56.43911379,231258
10/23/2024,54.96678925,55.85018557,54.96678925,55.26125344,248744
10/24/2024,54.67232513,55.26125352,54.27970371,55.06494281,394650
10/27/2024,54.86863708,55.26125477,54.77047986,54.77047986,255051
10/28/2024,54.86863708,55.359412,54.77047986,54.86863708,569377
10/29/2024,54.96678925,55.06494273,54.57416782,54.86863576,502956
10/30/2024,54.77047729,55.45756289,54.67232381,55.06494148,461070
10/31/2024,54.0833931,54.96678942,53.88708613,54.77047871,679877
11/3/2024,54.27970505,54.47601576,53.88708736,54.08339433,206355
11/4/2024,54.67232513,54.67232513,53.49446461,54.37786094,361535
11/5/2024,54.57416916,54.67232639,53.49446584,54.67232639,466560
11/6/2024,54.77047729,55.16309871,53.98523822,54.57416659,488867
11/7/2024,55.06494141,55.26125211,54.37785955,54.47601303,600850
11/10/2024,54.18154907,55.16309886,53.98523837,55.06494164,258935
11/11/2024,53.78892899,54.4760146,53.6907755,54.08339318,530461
11/12/2024,53.78892899,53.9852397,53.00368988,53.78892899,818288
11/13/2024,52.90553665,53.78892924,52.70922594,53.69077576,528658
11/14/2024,52.41476059,53.19999968,52.12029266,52.80737826,604019
11/17/2024,52.41476059,52.41476059,52.41476059,52.41476059,0
11/18/2024,52.0221405,52.51291541,51.62951908,52.51291541,544622
11/19/2024,51.6295166,52.02213801,51.6295166,51.92398453,753849
11/20/2024,51.92398453,52.31660219,51.6295166,51.6295166,418072
11/21/2024,51.72767639,52.12029407,51.53136568,52.12029407,326640
11/24/2024,52.0221405,52.21845122,51.53136559,51.53136559,263169
11/25/2024,51.13874435,52.31660489,51.13874435,52.31660489,1515365
11/26/2024,52.31660461,52.31660461,51.43321202,51.43321202,555125
11/27/2024,53.20000076,53.20000076,52.12029372,52.31660443,1699178
11/28/2024,54.86863708,54.86863708,53.00369091,53.20000162,1552488
12/1/2024,54.86863708,54.86863708,53.00369091,53.20000162,1552488
12/2/2024,58.40221405,58.40221405,55.94833951,55.94833951,1993064
12/3/2024,57.91143799,58.3040594,57.1261989,58.1077487,825346
12/4/2024,57.5188179,58.79483566,57.02804299,57.42066442,988512
12/5/2024,58.10774994,58.40221414,57.22435361,57.91143923,556791
12/8/2024,58.2059021,58.2059021,57.42066301,58.10774862,310824
12/9/2024,57.71512604,58.79483304,57.71512604,58.79483304,760471
12/10/2024,59.38376236,59.58007307,57.61697348,57.71512697,1175318
12/11/2024,59.58007431,59.8745385,58.99114218,59.3837636,1254313
12/12/2024,59.97269058,60.365312,59.38376221,59.48191569,952258
12/15/2024,58.59852219,59.77638266,58.50036496,59.48191474,351815
12/16/2024,59.77638245,59.87453593,58.30405779,58.50036475,532687
12/17/2024,57.22435379,59.67822834,57.22435379,59.67822834,2145370
12/18/2024,57.32250977,57.91143815,55.65387436,57.02804183,1012331
12/19/2024,56.92988968,56.92988968,55.35941146,55.85018637,2512828
12/22/2024,56.73357773,57.91143824,55.26125303,56.04649212,1246287
12/23/2024,56.53726578,56.92988719,53.98523785,56.4391123,4456880
12/24/2024,56.63542557,56.63542557,55.75202923,56.53726834,1520821
12/25/2024,56.34096146,56.92988985,56.14465074,56.63542565,600138
12/26/2024,55.85018539,56.53726726,55.65387468,56.43911378,766701
12/29/2024,54.47601318,55.75202716,54.3778597,55.75202716,1509886
12/30/2024,56.14464951,56.4391137,54.57416757,54.86863551,2030002
12/31/2024,56.14464951,57.9114384,56.14464951,56.63542441,2401204
1/1/2025,55.75202942,56.83173648,55.65387593,56.14465085,1129096
1/2/2025,54.96678925,55.85018557,54.86863576,55.85018557,1715568
1/5/2025,54.57416916,55.26125479,54.37786219,54.8686371,990217
1/6/2025,54.86863708,55.26125477,54.37786217,54.57416914,1262014
1/7/2025,54.96678925,55.16309996,54.08339292,54.86863576,2694343
1/8/2025,55.35940933,56.24280189,54.96678792,54.96678792,2218704
1/9/2025,55.35940933,55.35940933,55.35940933,55.35940933,0
1/12/2025,54.96678925,55.26125344,54.57416782,55.26125344,633908
1/13/2025,54.47601318,55.55571645,54.47601318,54.96678808,1627949
1/14/2025,54.96678925,54.96678925,54.57416782,54.77047854,1360842
1/15/2025,56.34096146,56.83173637,54.57416878,54.9667902,1584508
1/16/2025,57.22435379,57.4206645,56.43911468,56.43911468,1417579
1/19/2025,56.24280167,57.42066215,56.24280167,57.42066215,998332
1/20/2025,55.85018539,56.63542449,55.45756397,56.53726726,986763
1/21/2025,54.96678925,55.85018557,54.86863576,55.75202834,1635442
1/22/2025,54.67232513,55.35941075,54.47601442,54.96678933,1879591
1/23/2025,54.37786102,55.45756432,54.2797038,54.67232522,1402485
1/26/2025,53.88708496,54.57416682,53.88708496,54.47601334,1191928
1/27/2025,54.86863708,55.06494406,53.88708725,53.88708725,1276140
1/28/2025,54.86863708,54.86863708,54.86863708,54.86863708,0
1/29/2025,54.86863708,54.86863708,54.86863708,54.86863708,0
1/30/2025,57.81328583,58.20590351,56.83173601,56.92988949,1587462
2/2/2025,57.81328583,57.91143931,57.22435369,57.7151286,329681
2/3/2025,56.92988968,57.32251111,56.43911477,56.92988968,2061851
2/4/2025,57.02804184,57.32250977,56.43911346,56.63542417,1558860
2/5/2025,57.02804184,57.91143816,56.53726694,56.73357765,1078969
2/6/2025,57.32250977,57.71512744,56.83173487,57.02804183,725563
2/9/2025,57.02804184,57.42066326,56.73357765,57.22435255,540312
2/10/2025,57.32250977,57.32250977,56.83173487,56.92988835,857591
2/11/2025,57.12619781,57.71512618,56.83173363,57.32250852,948305
2/12/2025,57.42066193,57.71512611,57.02804052,57.02804052,460107
2/13/2025,56.8317337,57.51881555,56.43911229,57.22435137,1070195
2/16/2025,56.14464951,56.83173512,56.14464951,56.63542441,418436
2/17/2025,56.63542557,56.92988977,55.75202923,56.04649343,710555
2/18/2025,56.73357773,56.92988844,56.14464935,56.53726702,534151
2/19/2025,56.73357773,56.73357773,56.73357773,56.73357773,0
2/20/2025,56.53726578,57.02804067,55.94833741,55.94833741,830947
2/24/2025,56.53726578,57.02804067,56.24280159,56.53726578,900047
2/25/2025,56.92988968,57.02804316,56.14465057,56.43911477,434780
2/26/2025,55.55571747,56.83173521,55.16309979,56.73357798,961907
2/27/2025,55.75202942,55.75202942,54.57416888,55.16310102,2239245
3/2/2025,54.86863708,55.85018692,54.67232637,55.6538762,260648
3/3/2025,55.1631012,55.4575654,54.47601557,54.96679048,768262
3/4/2025,54.57416916,55.55571899,54.47601567,54.96679059,1188832
3/5/2025,55.26125336,55.65387478,54.57416774,54.86863568,738999
3/6/2025,54.77047729,55.6538736,54.67232381,54.77047729,804819
3/9/2025,55.06494141,56.53726608,54.37785955,56.53726608,585641
3/10/2025,54.0833931,55.06494291,53.98523961,55.06494291,881566
3/11/2025,53.78892899,54.4760146,53.29815408,53.6907755,1531493
3/12/2025,53.00368881,53.88708512,53.00368881,53.7889279,1152005
3/13/2025,53.98523712,53.98523712,52.61106595,53.00368736,993529
3/16/2025,53.88708496,54.37785986,53.00368865,54.37785986,598689
3/17/2025,54.0833931,54.86863594,53.49446471,53.88708613,780721
3/18/2025,54.67232513,55.35941075,53.5926181,54.083393,933678
3/19/2025,53.98523712,54.67232271,53.39630876,54.67232271,797414
3/20/2025,53.98523712,53.98523712,53.98523712,53.98523712,0
3/23/2025,54.67232513,54.67232513,53.5926181,54.083393,236943
3/24/2025,54.0833931,54.47601452,53.49446471,54.47601452,399799
3/25/2025,52.80737686,54.18154804,52.80737686,54.18154804,960536
3/26/2025,53.88708496,54.18154915,51.62951745,53.00368865,1641561
3/27/2025,54.57416916,54.57416916,53.39631236,53.78893004,627708
4/3/2025,53.88708496,54.37785986,53.29815284,53.59261703,503307
4/6/2025,51.04058838,53.00368793,51.04058838,52.61106652,821584
4/7/2025,52.90553665,53.00369014,49.66641926,51.0405905,1162855
4/8/2025,53.10184097,53.98523726,52.21844843,53.10184097,884950
4/9/2025,53.00368881,53.7889279,52.31660321,53.10184229,1005737
4/10/2025,53.00368881,53.00368881,53.00368881,53.00368881,0
4/13/2025,53.20000076,53.39631147,52.80737934,53.29815425,1245432
4/14/2025,53.5,54,53.20000076,53.79999924,959962
4/15/2025,53.5,53.70000076,53,53.70000076,1268364
4/16/2025,53.29999924,53.5,52.59999847,53.40000153,1304675
4/17/2025,53.29999924,53.29999924,53.29999924,53.29999924,0
4/20/2025,53.5,53.59999847,53,53.29999924,991452
4/21/2025,52.79999924,53.59999847,52.70000076,53.59999847,481623
4/22/2025,52.79999924,53.09999847,52.29999924,53,725725
4/23/2025,53.40000153,53.40000153,52.5,52.79999924,654444
4/24/2025,53.79999924,54,53.29999924,53.40000153,1005582
4/27/2025,53.29999924,53.79999924,53,53.59999847,433902
4/28/2025,53.40000153,53.40000153,52.29999924,53.40000153,1320546
4/29/2025,53.20000076,53.79999924,53,53.40000153,1261031
4/30/2025,52.79999924,53.20000076,52.59999847,53.09999847,1725686
5/1/2025,52,52.90000153,51.79999924,52.79999924,1345171
5/4/2025,51,52.09999847,51,52,647302
5/5/2025,51.29999924,51.90000153,50.5,51,1021108
5/6/2025,51.79999924,51.90000153,51.09999847,51.29999924,4803574
5/7/2025,52.20000076,52.29999924,51.5,51.5,846094
5/8/2025,51.5,52.29999924,51.5,52.20000076,1196470
5/11/2025,52,52.09999847,51.59999847,51.90000153,341447
5/12/2025,52.59999847,52.79999924,52.09999847,52.09999847,886430
5/13/2025,52.79999924,52.90000153,52.09999847,52.59999847,786379
5/14/2025,52.70000076,53,52.5,52.70000076,810307
5/15/2025,52.59999847,53.20000076,52.40000153,52.90000153,1179262
5/18/2025,52.59999847,52.59999847,52.59999847,52.59999847,0
5/19/2025,51.40000153,52,51.09999847,52,794194
5/20/2025,52.20000076,52.40000153,51.20000076,51.59999847,1269824
5/21/2025,51.20000076,52.29999924,51,52.09999847,699723
5/22/2025,51.5,51.5,50.90000153,51.20000076,517983
5/25/2025,51,51.40000153,50.79999924,51.40000153,400943
5/26/2025,51.79999924,51.79999924,50.79999924,50.90000153,632511
5/27/2025,51.40000153,51.59999847,50.70000076,51.59999847,506875
5/28/2025,51.5,52.20000076,51,51.40000153,1124362
5/29/2025,51.29999924,51.90000153,51.20000076,51.5,1782934
6/1/2025,51.40000153,51.70000076,51.09999847,51.40000153,281707
6/2/2025,51.5,51.59999847,51.09999847,51.40000153,392514
6/3/2025,50.90000153,51.70000076,50.79999924,51.59999847,688353
6/4/2025,51,51.40000153,50.59999847,51.29999924,1022319
6/11/2025,49.95000076,51.70000076,49.84999847,51.09999847,1071324
6/12/2025,49.90000153,50.20000076,48.95000076,49.90000153,687412
6/15/2025,50.09999847,50.70000076,47.65000153,48,740284
6/16/2025,50.40000153,51.29999924,50.29999924,50.5,699043
6/17/2025,49,50.79999924,49,50.70000076,875269
6/18/2025,48.84999847,49.25,48.54999924,49,337617
6/19/2025,48.75,49.40000153,48.59999847,48.90000153,1176175
6/22/2025,48.79999924,49.34999847,48.59999847,48.75,223689
6/23/2025,50.09999847,50.09999847,48.79999924,48.95000076,489223
6/24/2025,51,51.20000076,50.40000153,50.90000153,1029680
6/25/2025,51.09999847,51.5,50.59999847,51.29999924,555775
6/26/2025,51.70000076,51.70000076,50.90000153,51.20000076,426356
6/29/2025,52,52.15000153,50.90000153,52.09999847,434283
6/30/2025,50.70000076,52,50.70000076,52,1160621
7/1/2025,50.90000153,51.20000076,50.70000076,50.95000076,743964
7/2/2025,51.15000153,51.20000076,50.59999847,50.79999924,1472889
7/3/2025,51.25,51.25,50.70000076,50.79999924,812364
7/6/2025,51.20000076,51.34999847,50.90000153,51.25,986506
7/7/2025,50.15000153,51.09999847,50.09999847,51,1074350
7/8/2025,49.90000153,50.34999847,49.84000015,50.34999847,1940618
7/9/2025,49,49.90000153,48.84000015,49.90000153,3376082
7/10/2025,48.18000031,49.08000183,48.08000183,49,4295009
7/13/2025,48.11999893,48.40000153,47.84000015,48.38000107,1609703
7/14/2025,48.52000046,48.56000137,47.81999969,48.38000107,1402021
7/15/2025,48.25999832,48.5,47.95999908,48.5,812677
7/16/2025,47.43999863,48.34000015,47.34000015,48.24000168,1271180
7/17/2025,47.43999863,47.43999863,47.43999863,47.43999863,0
7/20/2025,47.88000107,48.15999985,47.11999893,47.95999908,562718
7/21/2025,47.5,47.88000107,47.38000107,47.88000107,605793
7/22/2025,47.5,47.63999939,47.13999939,47.59999847,588595
7/23/2025,47.59999847,47.68000031,47.22000122,47.58000183,925427
7/24/2025,47.59999847,47.65999985,47.38000107,47.52000046,514163
7/27/2025,47.84000015,47.93999863,47.43999863,47.59999847,431925
7/28/2025,47.75999832,48.06000137,47.59999847,47.84000015,746329
7/29/2025,47.58000183,47.81999969,47.45999908,47.75999832,338612
7/30/2025,47.91999817,47.95999908,47.58000183,47.58000183,393741
7/31/2025,47.90000153,47.97999954,47.58000183,47.90000153,365008
8/3/2025,47.25999832,47.90000153,47.15999985,47.90000153,273639
8/4/2025,47,47.38000107,46.79999924,47.11999893,496892
8/5/2025,47.36000061,47.40000153,47,47.02000046,505664
8/6/2025,47.41999817,47.52000046,47.18000031,47.36000061,317698
8/7/2025,47.61999893,47.79999924,47.18000031,47.40000153,601456
8/10/2025,47.70000076,47.86000061,47.41999817,47.61999893,397494
8/11/2025,46.31999969,47.70000076,46.25999832,47.70000076,1432632
8/12/2025,46.70000076,46.93999863,45.97999954,46.31999969,1068121
8/13/2025,46.27999878,47.20000076,46.15999985,46.70000076,841573
8/14/2025,46.59999847,47.08000183,46.29999924,46.29999924,900707
8/17/2025,46.70000076,47.04000092,46.59999847,46.75999832,433536
8/18/2025,46.95999908,47.13999939,46.56000137,46.70000076,525253
8/19/2025,46.74000168,47,46.5,46.81999969,430125
8/20/2025,46.5,46.74000168,46.34000015,46.52000046,632007
8/21/2025,46.36000061,46.54000092,46.13999939,46.5,578657
8/24/2025,46.72000122,47.06000137,46.5,46.58000183,365167
8/25/2025,47.68000031,47.77999878,46.81999969,46.84000015,731503
8/26/2025,47.02000046,47.70000076,47.02000046,47.40000153,1120225
8/27/2025,47.68000031,47.90000153,47.18000031,47.58000183,829449
8/28/2025,47.58000183,47.90000153,47.5,47.59999847,732551
8/31/2025,47.70000076,47.90000153,47.40000153,47.58000183,331906
9/1/2025,47.11999893,47.54000092,47,47.40000153,684379
9/2/2025,47.77999878,47.77999878,47.02000046,47.11999893,631723
9/3/2025,47.81999969,48.34000015,47.52000046,47.70000076,769225
9/4/2025,48.08000183,48.22000122,47.70000076,47.70000076,353210
9/7/2025,48.09999847,48.31999969,48.08000183,48.08000183,258876
9/8/2025,47.09999847,48.11999893,47.02000046,48.09999847,589727
9/9/2025,47.36000061,47.36000061,46.70000076,47.09999847,428146
9/10/2025,46.91999817,47.38000107,46.79999924,47.36000061,261701
9/11/2025,46,47,45.93999863,46.97999954,626895
9/14/2025,46.20000076,46.25999832,45.68000031,46,281025
9/15/2025,45.93999863,46.43999863,45.72000122,46.08000183,424213
9/16/2025,47.09999847,47.18000031,45.74000168,45.93999863,672642
9/17/2025,47.77999878,47.77999878,47.20000076,47.20000076,520759
9/18/2025,48.47999954,48.47999954,47.63999939,47.77999878,1257687
9/21/2025,49.40000153,49.52000046,48,48.47999954,1060235
9/22/2025,49.18000031,49.54000092,48.29999924,49.5,626762
9/24/2025,51,54.04999924,50.84999847,54.04999924,3735911
9/25/2025,51,51,51,51,0
9/28/2025,50.29999924,50.59999847,49.63999939,49.70000076,265769
9/29/2025,50.75,51.04999924,50.09999847,50.29999924,895702
9/30/2025,50.29999924,51,50.29999924,50.75,889853
10/1/2025,50.29999924,51,50.29999924,50.75,889853
10/2/2025,50.84999847,51.29999924,50.75,51.15000153,588757
10/5/2025,50.5,51.65000153,50.40000153,51.45000076,608385
10/6/2025,50.5,50.79999924,50.25,50.75,653578
10/7/2025,49.90000153,50.54999924,49.90000153,50.5,650116
10/8/2025,49.22000122,49.86000061,49.22000122,49.86000061,396392
10/9/2025,49.74000168,50.09999847,49.08000183,49.20000076,431830
10/12/2025,48.97999954,49.45999908,48,48.97999954,327137
10/13/2025,49.63999939,50.20000076,49.29999924,49.43999863,553744
10/14/2025,49.95999908,50.29999924,49.59999847,49.70000076,642814
10/15/2025,49.61999893,50.20000076,49.56000137,50.20000076,581663
10/16/2025,49.86000061,49.86000061,49.40000153,49.63999939,640147
10/19/2025,49.20000076,49.84000015,49.20000076,49.84000015,352264
10/20/2025,48.59999847,49.65999985,48.59999847,49.65999985,565737
10/21/2025,48.27999878,48.70000076,48.06000137,48.59999847,588410
10/22/2025,48.54000092,49.04000092,47.97999954,48.20000076,631445
10/23/2025,49,49.04000092,48.20000076,49.04000092,721547
10/26/2025,48.36000061,49.08000183,48.36000061,49.04000092,434075
10/27/2025,48.54000092,49.43999863,48.41999817,48.5,1108531
10/28/2025,49.40000153,49.79999924,48.56000137,48.56000137,906187
10/29/2025,49.58000183,50.09999847,49.24000168,49.61999893,922978
10/30/2025,49.58000183,50.04999924,49.02000046,49.58000183,1042614
11/2/2025,48.5,49.20000076,48.47999954,49.09999847,409058
11/3/2025,48.40000153,48.70000076,48.31999969,48.70000076,437778
11/4/2025,48.04000092,48.65999985,48.04000092,48.5,352480
11/5/2025,47.61999893,48.36000061,47.61999893,48.09999847,489187
11/6/2025,47.93999863,48.18000031,47.61999893,47.70000076,534180
11/9/2025,47.54000092,47.90000153,47.25999832,47.90000153,186214
11/10/2025,47.43999863,47.97999954,47.34000015,47.59999847,701760
11/11/2025,47.11999893,47.61999893,47,47.47999954,414340
11/12/2025,47.40000153,47.75999832,47.18000031,47.20000076,451966
11/13/2025,47.02000046,47.68000031,47.02000046,47.59999847,235951
11/16/2025,46.36000061,47.02000046,46.31999969,47,127611
11/17/2025,46.22000122,46.59999847,46.11999893,46.36000061,298580
11/18/2025,47.25999832,47.25999832,46,46.34000015,653326
11/19/2025,46.61999893,47.43999863,46.61999893,47.29999924,277041
11/20/2025,46.91999817,46.91999817,46.40000153,46.68000031,437665
11/23/2025,46.43999863,46.97999954,46.41999817,46.97999954,71337
11/24/2025,46.02000046,46.52000046,46.02000046,46.45999908,830116
11/25/2025,45.5,46.29999924,45.5,46.09999847,283422
11/26/2025,44.54000092,45.56000137,44.38000107,45.5,1008429
11/27/2025,44.70000076,45,44.5,44.58000183,428222
11/30/2025,44.40000153,44.70000076,44.18000031,44.70000076,147332
12/1/2025,44.13999939,44.47999954,43.54000092,44.40000153,672418
12/2/2025,43.70000076,44.41999817,43.70000076,44.36000061,477550
12/3/2025,44.20000076,44.20000076,43.5,43.75999832,387273
12/4/2025,44.20000076,44.72000122,44.06000137,44.31999969,474130
12/7/2025,44.13999939,44.20000076,43.81999969,44.15999985,127234
12/8/2025,44,44.11999893,43.74000168,44.09999847,448681
12/9/2025,43.79999924,44.02000046,43.75999832,44,699982
12/10/2025,44,44.11999893,43.81999969,43.90000153,463255
12/11/2025,43.86000061,44.20000076,43.74000168,44.11999893,690842
12/14/2025,44.47999954,45.43999863,43.81999969,44.08000183,740539
12/15/2025,44.77999878,44.84000015,44,44.47999954,881605
12/16/2025,44.13999939,45.24000168,44.11999893,44.63999939,936636
12/17/2025,43.5,44.06000137,43.38000107,43.79999924,767771
12/18/2025,43.20000076,43.79999924,43.02000046,43.52000046,1914243
12/21/2025,43.41999817,43.90000153,43.24000168,43.47999954,272808
12/22/2025,43.52000046,43.70000076,43.22000122,43.41999817,390403
12/23/2025,43.36000061,43.43999863,43.02000046,43.29999924,770384
12/24/2025,42.70000076,43.29999924,42.70000076,43.20000076,1213052
12/25/2025,42.97999954,43.06000137,42.09999847,42.70000076,363813
12/28/2025,42.75999832,43.02000046,42.45999908,43,188190
12/29/2025,43.13999939,43.13999939,42.43999863,42.75999832,204051
12/30/2025,42.45999908,43.11999893,42.06000137,43.11999893,327488
12/31/2025,43.25999832,43.25999832,42.45999908,42.45999908,353012
1/1/2026,44.29999924,44.40000153,43.09999847,43.09999847,121620
1/4/2026,43.41999817,44.18000031,43.29999924,44,200416
1/5/2026,41.90000153,43.59999847,41.70000076,43.20000076,745537
1/6/2026,41.41999817,42.18000031,41.20000076,42.04000092,651061
1/7/2026,41.79999924,42.5,41.25999832,42.5,881806
1/8/2026,41.5,41.88000107,41.41999817,41.79999924,507391
1/11/2026,41.70000076,41.97999954,41.47999954,41.75999832,708051
1/12/2026,43.61999893,43.61999893,41.70000076,41.70000076,1119438
1/13/2026,44.06000137,44.24000168,43.22000122,43.24000168,697250
1/14/2026,44.18000031,45.13999939,44,44.08000183,1123201
1/15/2026,43.20000076,44.27999878,43.15999985,44.27999878,661581
1/18/2026,43.61999893,44.18000031,43.43999863,43.59999847,256742
1/19/2026,43.25999832,43.61999893,42.81999969,43.61999893,348110
1/20/2026,42.97999954,43.38000107,42.79999924,43.25999832,544599
1/21/2026,42.90000153,43.08000183,42.54000092,42.95999908,749529
1/22/2026,43.77999878,43.77999878,42.91999817,42.91999817,951597
1/25/2026,45.40000153,45.59999847,43.74000168,43.75999832,780679
1/26/2026,45.15999985,45.5,44.72000122,45.40000153,765817
1/27/2026,45.09999847,45.20000076,44.58000183,45.09999847,1075894
1/28/2026,44.74000168,45.09999847,44.54000092,45.09999847,431950
1/29/2026,44.09999847,44.84000015,44.06000137,44.77999878,704894
